Date,Bag,Shots Left (est),Grinder Setting,Grind Adjusted,Grind Time,Initial Output (g),Total Output (g),Dose (g),Time Adj (sec),Top-Up Grind (g),Over Grind Removed (g),Bean Delta,Grind Waste (g),Beans Added (g),Dose Correction Type,Correction Amount (g),Output Delta (g),Temp,Pour Delay,Pour Time (sec),Scale Time,Yield (g),Ratio,Finished Shot,Rating,Preference Rating,Rating Difference,Average Rating and Preference Rating weighted to Preference,Rated,For Others,Reference Shot,Signature Shot,Drink Type,Shot Status,Shot Classification,Fault Status,Reference Shot Type,Expression Style,Daily Driver Count,Include in Analysis,Notes,Rating ( Valid Only ),Fault Notes,Bag Opened Date,Hopper Phase,Hopper Fullness,Hopper %,Hopper Range,Hopper Range Link,Hopper Link,Taste Zone,Zone,Zone Score,Taste Score,Agreement %,Flow Score,Model Flag,Time Gap (sec),Scale Zone,Flow Diagnostic,Pour Delay Window,Scale Time Window,Scale Offset,Drift Delta (sec),Shot Drift Status,Shot Quality Score,Shot Tier,Perfect Range Flag,Drift Warning,Hopper Zone,Hopper Drift Link,Hopper Impact Score,Hopper Correction Rule,Action Suggestion,Scale Calibration Reminder,Bag Calibration Reminder,Calculation,Baseline Unaided Output (g),Baseline Output Delta (g),Actual Dose Error (g),Hopper Threshold Flag,Hopper Behaviour,Hopper Severity,Top-Up Gap (g),Top-Up Recommendation,Grinder Initial Output for Charts (16-19g)
2026-04-21 4:40am,2,,3.50,checked,7.0,,,,,,,,,,None,,,95,9,39,34,35.4,,checked,7.00,7.00,0.00,7.00,checked,,,,,Good,,Good,,,0,1,"Caramel coats the mouth on entry and cocoa becomes clearly identifiable as the shot cools. The cocoa note is pleasant at first, but later becomes darker, rougher, and slightly muddy. A localized cloud of taste lingers on the upper palate, reducing clarity and refinement. No real dryness, but the finish is less clean and polished than preferred.",7.00,,2026-04-20,Phase 1,100.00%,100.00%,75–100%,75–100%,"""MH Bag 2 Apr 21 2026
""",,Center,3,,0.0%,79%,,5,Slow,Normal,7 / 8 / 10,27 / 31.9 / 35,2,2,Adjust — Grind coarser,58.7%,Outside,,Drifting,High,Check Other Factors,0,No hopper correction,Grind coarser,,,Sweet Zone,18.0,,,,,,,,
2026-04-21 11:56am,2,,3.50,,7.0,,,,,,,,,,None,,,94,10,39,33,34.9,,,,,,,,,,,,Experimental,,Good,,,0,,"Accidental overrun due to hand slip during stop. Intended stop was around 31.5 g, but the shot extended to 34.9 g. Strong chocolate-bar style entry with clear chocolate character. Extended tail introduced upper-palate dryness and a slight acid edge at the back of the upper mouth. Useful upper extraction boundary reference for this Brazil bag.",,,2026-04-20,Phase 1,94.00%,100.00%,75–100%,,"""MH Bag 2 Apr 21 2026
""",,Outside,1,,67.0%,89%,,6,Slow,Normal,7 / 8 / 10,27 / 31.9 / 35,1,1,Watch,,,,,High,,0,No hopper correction,Review manually,,,Sweet Zone,,,,,,,,,
2026-04-21 5:50pm,2,,3.50,,7.0,,,,,,,,,,None,,,94,9,40,36,33.6,,,8.00,8.00,0.00,8.00,,,,,,Good,,Good,,,0,1,"Rich, creamy body with strong caramel and chocolate integration. Chocolate presents like a dark chocolate bar, well balanced with sweetness. Slight initial acid tinge appears on entry but resolves quickly and does not linger. Full-bodied with a smooth, coating finish and no noticeable dryness or muddiness. Very enjoyable and well-balanced shot. Pour time estimated (~3 seconds faster than prior shot) due to missed direct timing.",8.00,,2026-04-20,Phase 1,90.00%,100.00%,75–100%,75–100%,"""MH Bag 2 Apr 21 2026
""",,Edge,2,,33.0%,59%,,4,Slow,Slow,7 / 8 / 10,27 / 31.9 / 35,4,4,Adjust — Grind coarser,64.3%,Outside,,Drifting,High,Check Other Factors,0,No hopper correction,Grind coarser,,,Sweet Zone,18.0,,,,,,,,
2026-04-22 5:02am,2,,3.66,checked,6.9,,,,,,,,,,None,,,94,8,40,33,33.0,,checked,9.40,9.70,-0.30,9.58,checked,,,,,Good,,Good,,,0,1,"Very smooth, creamy body with excellent caramel and chocolate integration. Chocolate presents as a soft dark chocolate note that lingers lightly on the palate without harshness. Balanced and refined, with a clean finish and no negative dryness or buildup. Very pleasant and highly enjoyable. Pour time estimated (~3 seconds faster than prior shot). When adjusting dose got .8g in .2 sec so had to adjust downward hence why in table you have dose of 18g yet adj was -.4",9.40,,2026-04-20,Phase 1,86.00%,100.00%,75–100%,75–100%,"""MH Bag 2 Apr 21 2026
""",,Center,3,,0.0%,89%,,7,Slow,Normal,7 / 8 / 10,27 / 31.9 / 35,1,1,Watch,73.7%,Edge,,Drifting,High,Check Other Factors,0,No hopper correction,Review manually,,,Sweet Zone,18.0,,,,,,,,
2026-04-22 11:41am,2,,3.66,,6.9,,,,,,,,,,None,,,93,,,33,33.7,,,,,,,,,,,,Experimental,,Good,,,0,,"Incomplete record intentionally kept for grind tracking. PF/grouphead seal leaked water, so pour data and full sensory evaluation are incomplete. User wants this kept for grind and bean-usage tracking. Dose corrected from 18.3 g to 18.0 g by removing 0.3 g from final basket dose.",,,2026-04-20,Phase 1,80.00%,100.00%,75–100%,,"""MH Bag 2 Apr 21 2026
""",,Outside,1,,67.0%,89%,,,Slow,Normal,7 / 8 / 10,27 / 31.9 / 35,1,1,Watch,,,,,High,,0,No hopper correction,Review manually,,,Outside,,,,,,,,,
2026-04-22 12:00pm,2,,3.66,checked,6.9,,,,,,,,,,None,,,93,7,36,32,32.6,,,8.30,8.00,0.30,8.12,checked,,,,,Good,,Good,,,0,1,"Immediate chocolate entry with strong body and a dark chocolate character. A stronger pucker appears between the center and back of the tongue, but some of it clears rather than building continuously. As the shot warms, the center no longer reads as sour, but instead as a strong, less-refined dark chocolate profile. Pleasant overall, but still slightly too forceful and not yet fully polished. First shot using 1 mm puck screen after switching from 1.7 mm. Switching back to 1.7 mm puck screen as of now",8.30,,2026-04-20,Phase 1,74.00%,100.00%,50–75%,50–75%,"""MH Bag 2 Apr 21 2026
""",,Center,3,,0.0%,99%,,4,Slow,Normal,7 / 8 / 10,27 / 31.9 / 35,0,0,Stable,71.2%,Edge,,Drifting,Mid-High,Check Other Factors,0,No hopper correction,No change,,,Sweet Zone,18.0,,,,,,,,
2026-04-22 5:34pm,2,,3.66,,7.0,,,,,,,,,,None,,,93,9,38,9,33.3,,,,,,,,,,,,Maintenance - Machine,,Maintenance - Espresso Machine,,,0,,Now using 1.7 mm puck screen going forward,,,2026-04-20,Phase 1,70.00%,100.00%,50–75%,50–75%,"""MH Bag 2 Apr 21 2026
""",,Outside,1,,67.0%,0%,,29,Slow,Fast,7 / 8 / 10,27 / 31.9 / 35,-23,-23,Adjust — Grind finer,,,,,Mid-High,,7,No hopper correction,Grind finer,,,Sweet Zone,18.0,,,,,,,,
2026-04-23 5:15am,2,,3.66,,7.0,,,,,,,,,,None,,,93,10,39,32,33.1,,checked,8.50,8.00,0.50,8.20,checked,,,,,Dialed In,,Good,,,0,1,,8.50,,2026-04-20,Phase 1,65.10%,100.00%,50–75%,50–75%,"""MH Bag 2 Apr 21 2026
""",,Center,3,,0.0%,99%,,7,Slow,Normal,7 / 8 / 10,27 / 31.9 / 35,0,0,Stable,72.2%,Edge,,Drifting,Mid-High,Check Other Factors,0,No hopper correction,No change,,,Sweet Zone,18.0,,,,,,,,
2026-04-24 4:00am,2,,3.66,,7.1,,,,,,,,,,None,,,94,7,34,33,33.8,,checked,9.40,9.40,0.00,9.40,checked,,,,,Dialed In,,Good,,,0,1,"Highly stable and smooth entry with a caramel-forward profile supported by a very light acidity that enhances clarity without sharpness. The mouthfeel is cohesive and balanced. A creamy chocolate body develops and envelops the palate, integrating fully without muddiness. As the shot progresses, caramel gently recedes and a more defined dark chocolate character emerges, creating a structured and intentional transition. The finish is clean and resolving, leaving only a subtle and pleasant reminder of the experience. This is the best expression of this coffee so far and represents the target profile for this bag.",9.40,,2026-04-20,Phase 1,60.00%,100.00%,50–75%,50–75%,"""MH Bag 2 Apr 21 2026
""",,Center,3,,0.0%,89%,,1,Slow,Normal,7 / 8 / 10,27 / 31.9 / 35,1,1,Watch,73.7%,Edge,,Drifting,Mid-High,Check Other Factors,0,No hopper correction,Review manually,,,Sweet Zone,18.0,,,,,,,,
2026-04-24 11:00am,2,,3.66,,6.9,,,,,,,,,,None,,,94,,43,,33.7,,,8.00,8.00,0.00,8.00,checked,,,,,Dialed In,,Good,,,0,1,"Recovered entry — pour stats partially lost during logging. Remaining data entered from memory.

Caramel-forward entry with strong chocolate presence. Very smooth, stable, and cohesive mouthfeel with a creamy, coating texture. Chocolate deepens as the shot progresses while caramel gently recedes, creating a structured transition.

Finish is clean and resolving with a light lingering presence and a subtle refreshing quality. Despite a longer extraction time, the shot remained highly enjoyable and balanced, indicating a forgiving upper extraction boundary at this grind setting.
Remains dialed-in with strong structure and clean finish. As the shot cools, a slight sour edge emerges between the tongue and upper palate, indicating a minor exposure of acidity at the upper boundary of extraction.
Dialed-In, slightly pushed, slight acidity exposure on cooling = upper limit of your sweet spot",8.00,,2026-04-20,Phase 1,55.04%,100.00%,50–75%,50–75%,"""MH Bag 2 Apr 21 2026
""",,Review,0,,100.0%,,,,,,7 / 8 / 10,27 / 31.9 / 35,,,,,,,,Mid-High,,,No hopper correction,Review manually,,,Outside,18.0,,,,,,,,
2026-04-24 6:30pm,2,,3.66,,7.1,,,,,,,,,,None,,,94,9,39,33,33.4,,,6.00,6.00,0.00,6.00,checked,,,,,Good,,Good,,,0,1,"Caramel-forward entry with integrated chocolate and smooth, stable mouthfeel at first, but the profile becomes coarse and muddy as it develops. Chocolate/cocoa structure becomes more prominent as it cools, presenting as tannic dryness toward the back of the mouth, lingering on the back half of the tongue, and drying along the tongue edges.

Sourness becomes persistent and increasingly noticeable rather than briefly clearing. It resonates on the tongue and flares when the mouth is opened, making the shot much less enjoyable. This sourness is difficult to detect early with this machine/grinder combination because caramel and chocolate can initially mask the imbalance.

Taste selector strengths: Caramel = Medium; Smooth = Medium; Strong/Full = Medium; Clean/Clear = Medium/low-to-medium; Lingering = Medium; Astringent = Medium; Sourness = Medium. Refined intentionally excluded because the taste reads coarse/muddy rather than polished. Overall this is drinkable but not enjoyable, with strong late sourness and reduced clarity.",6.00,,2026-04-20,Phase 1,50.06%,100.00%,50–75%,50–75%,"""MH Bag 2 Apr 21 2026
""",,Outside,1,,67.0%,89%,,6,Slow,Normal,7 / 8 / 10,27 / 31.9 / 35,1,1,Watch,70.1%,Edge,,Drifting,Mid-High,Check Other Factors,1,No hopper correction,Review manually,,,Sweet Zone,18.0,,,,,,,,
2026-04-25 3:30am,2,,3.75,checked,7.1,,,,,,,,,,None,,,94,8,36,31,34.3,,checked,9.00,9.00,0.00,9.00,checked,,,,,Dialed In,Balanced,Good,,,0,1,"Balanced, clean, slightly muted — “60% chocolate profile, no buildup”

Balanced and controlled shot with a mellow, integrated profile. Caramel and chocolate are evenly matched, resembling a 60% cacao chocolate bar with no dominant note. Mouthfeel is smooth and cohesive with a very slight dryness that enhances the overall texture without introducing astringency.

A light acidity appears near the end of the sip but clears almost immediately and does not linger or disrupt the balance. No buildup between sips, and the finish is clean and resetting.

Overall the shot is very stable and well-extracted, but lacks intensity or defining character. Flavours are blended rather than expressive, resulting in a pleasant but somewhat muted and unexciting profile.

This shot captures: 
* balance ✔
* lack of sweetness dominance ✔
* fleeting acidity ✔
* slight supportive dryness ✔
* “boring but correct” ✔",9.00,,2026-04-20,Phase 1,45.01%,100.00%,30–50%,30–50%,"""MH Bag 2 Apr 21 2026
""",Center,Center,3,3,100.0%,91%,Match,5,Slow,Normal,7 / 8 / 10,27 / 31.9 / 35,-1,-1,Stable,92.3%,Elite,Target,Stable,Mid,,0,Low hopper but stable — no change,No change,Update Bag Scale Range,,Sweet Zone,17.9,,,,,,,,
2026-04-26 3:55am,2,,3.75,,7.0,,,,,,,,,,None,,,94,7,38,33,33.1,,checked,9.10,9.10,0.00,9.10,checked,,,,,Dialed In,Balanced,Good,,,0,1,"Caramel-forward entry with smooth chocolate body and clean balance, no sourness. Medium body with slight tannin that adds structure without drying, finishing clean with light chocolate. Improved over longer shots; increase yield slightly (~31–31.5g) to explore more depth.",9.10,,2026-04-20,Phase 1,39.92%,100.00%,30–50%,30–50%,"""MH Bag 2 Apr 21 2026
""",,Center,3,,0.0%,89%,,5,Slow,Normal,7 / 8 / 10,27 / 31.9 / 35,1,1,Watch,72.2%,Edge,,Drifting,Mid,Check Other Factors,1,Review manually,Review manually,,,Sweet Zone,17.9,,,,,,,,
2026-04-26 11:30am,2,,3.75,,7.0,,,,,,,,,,None,,,94,6,29,26,33.1,,,6.00,6.00,0.00,6.00,checked,,,,,Good,,Good,,,0,1,unbalanced fault shot,6.00,,2026-04-20,Phase 1,34.63%,100.00%,30–50%,30–50%,"""MH Bag 2 Apr 21 2026
""",,Outside,1,,67.0%,41%,,3,Slow,Fast,7 / 8 / 10,27 / 31.9 / 35,-6,-6,Adjust — Grind finer,55.7%,Outside,,Drifting,Mid,Check Other Factors,4,Review manually,Grind finer,,,Outside,17.9,,,,,,,,
2026-04-26 11:35am,2,,3.75,,6.9,,,,,,,,,,None,,,94,6,30,28,33.0,,checked,8.85,8.75,0.10,8.79,checked,,,,,Dialed In,Balanced,Good,,,0,1,clean balanced baseline,8.85,,2026-04-20,Phase 1,29.72%,100.00%,15–30%,15–30%,"""MH Bag 2 Apr 21 2026
""",,Center,3,,0.0%,61%,,2,Slow,Normal,7 / 8 / 10,27 / 31.9 / 35,-4,-4,Adjust — Grind finer,62.6%,Outside,,Drifting,Low,Likely Hopper Effect,3,Correct — add +0.1 to +0.2 sec or refill hopper,Grind finer,,,Outside,17.7,,,,,,,,
2026-04-27 3:40am,2,,3.75,,6.9,,,,,,,,,,None,,,94,7,34,30,32.1,,checked,9.30,9.25,0.05,9.27,checked,,,,,Dialed In,Balanced,Good,,,0,1,"You’re right at the edge of sweetness and structure — excellent place to be
Active Balanced Shot",9.30,,2026-04-20,Phase 1,24.77%,100.00%,15–30%,15–30%,"""MH Bag 2 Apr 21 2026
""",,Center,3,,0.0%,81%,,4,Slow,Normal,7 / 8 / 10,27 / 31.9 / 35,-2,-2,Watch,70.8%,Edge,,Drifting,Low,Likely Hopper Effect,1,Correct — add +0.1 to +0.2 sec or refill hopper,Review manually,,,Sweet Zone,17.7,,,,,,,,
2026-04-27 10:30am,2,,3.75,,,,,,,,,,,,None,,,,,,,,,,,,,,,,,,,Fault,,Fault,,,0,,Lost 18 grams due to accidental spill,,,2026-04-20,Phase 1,19.72%,100.00%,15–30%,,"""MH Bag 2 Apr 21 2026
""",,Outside,1,,67.0%,,,,,,7 / 8 / 10,27 / 31.9 / 35,,,,,,,,Low,,,Review manually,Review manually,,,Outside,,,,,,,,,
2026-04-27 11:00am,2,,,,,,,,,,,,,,None,,,,,,,,,,,,,,,,,,,Maintenance - Grinder,,Reconciliation to Zero Out Hopper,,,0,,Went to grind another coffee and the grinder ran out of beans before shot was completed so I purged what I got plus added discrepancy to zero out hopper for next refill and Phase 2,,,2026-04-20,Phase 1,14.77%,100.00%,0–15%,,"""MH Bag 2 Apr 21 2026
""",,Outside,1,,67.0%,,,,,,7 / 8 / 10,27 / 31.9 / 35,,,,,,,,Very Low,,,Review manually,Review manually,,,Outside,,,,,,,,,
2026-04-27 11:10am,2,,3.75,,,,,,,,,300.0,,300.0,None,,,,,,,,,,,,,,,,,,,Hopper Refill,,Hopper Refill,,,0,,Added 300 grams of beans to refill hopper. ,,,2026-04-20,Phase 2,,,,,,,Outside,1,,67.0%,,,,,,7 / 8 / 10,27 / 31.9 / 35,,,,,,,,,,,,Review manually,,,Outside,,,,,,,,,
2026-04-27 11:20am,2,,3.75,,,,,,,,,-14.9,14.9,,None,,,,,,,,,,,,,,,,,,,Maintenance - Grinder,,,,,0,,"Ground 14.9 grams of beans after hopper refill to settle beans, hopper had Run out due to inconsistencies in weight and beans left. """"May 5, 2026, Phase 2 started with an unlogged 14.9g purge. Hopper % estimates during Phase 2 may be overstated, especially in the 30% and below range.""""",,,2026-04-20,Phase 2,100.00%,-86.53%,75–100%,,MH Bag 2 April 27 2026,,Outside,1,,67.0%,,,,,,7 / 8 / 10,27 / 31.9 / 35,,,,,,,,High,,,No hopper correction,Review manually,,,Outside,,,,,,,,,
2026-04-27 11:30am,2,,3.75,,7.1,18.1,18.1,18.1,,,,-18.1,,,None,,0,94,7,31,,31.8,1.76,checked,9.70,9.50,0.20,9.58,checked,,,,,Dialed In,,Good,Daily Driver,,1,1,"Sweet, thick caramel on entry with smooth chocolate body and very high drinkability. Gentle acidity adds brightness without becoming sour, and the cup stays clean as it cools. Finish is soft with light cocoa structure that keeps the sweetness in check.",9.70,,2026-04-20,Phase 2,95.03%,-86.53%,75–100%,75–100%,MH Bag 2 April 27 2026,,Review,0,,100.0%,,,,,,7 / 8 / 10,27 / 31.9 / 35,,,,,,,,High,,,No hopper correction,Review manually,,,Outside,18.0,0.1,,Normal,75–100% → Stable,Stable,,,2.1
2026-04-28 3:15am,2,,3.75,,7.0,17.9,17.9,17.9,,,,-17.9,,,None,,-0,94,6,31,28,30.4,1.70,checked,8.00,8.00,0.00,8.00,checked,,,,,Good,,Good,,,0,1,"Sweet caramel entry remains, but the shot lacks refinement and shows slight muddiness through the body. Extraction feels incomplete, with reduced clarity and weaker chocolate structure compared to the reference shot. Still drinkable, but clearly below the preferred range.",8.00,,2026-04-20,Phase 2,89.03%,-86.53%,75–100%,75–100%,MH Bag 2 April 27 2026,,Center,3,,0.0%,61%,,3,Slow,Normal,7 / 8 / 10,27 / 31.9 / 35,-4,-4,Adjust — Grind finer,58.3%,Outside,,Drifting,High,Check Other Factors,0,No hopper correction,Grind finer,,,Outside,18.0,-0.1,,Normal,75–100% → Stable,Stable,,,1.9
2026-04-28 12:00pm,2,,3.75,,7.0,17.8,17.8,17.8,,,,-17.8,,,None,,-0,94,8,34,29,32.5,1.83,checked,10.00,9.80,0.20,9.88,checked,,checked,checked,,Dialed In,,Good,Signature Shot,Wine-Like Structured,0,1,"Wine-like, structured espresso with controlled dryness and clean finish. Highly engaging and preferred for its evolving tactile profile over sweeter, easier-drinking versions.",10.00,,2026-04-20,Phase 2,83.03%,-86.53%,75–100%,75–100%,MH Bag 2 April 27 2026,Center,Center,3,3,100.0%,71%,Match,5,Slow,Normal,7 / 8 / 10,27 / 31.9 / 35,-3,-3,Adjust — Grind finer,91.3%,Great,Target,Watch,High,,0,No hopper correction,Grind finer,,,Sweet Zone,18.0,-0.2,,Normal,75–100% → Stable,Stable,,,1.8
2026-04-29 3:20am,2,,3.75,,7.3,17.8,17.8,17.8,,,,-17.8,,,None,,-0,94,14,47,37,31.8,1.79,,,,,,,,,,,Fault,,"Fault,Grinder Issue",,,0,,"Under-extracted, tossed   I tasted and it tasted sour so I tossed the shot. ",,"“Grinder stalled, required tapping to start feed. Shot start delayed due to button not engaging properly.”",2026-04-20,Phase 2,77.10%,-86.53%,75–100%,75–100%,MH Bag 2 April 27 2026,,Outside,1,,67.0%,49%,,10,Slow,Slow,7 / 8 / 10,27 / 31.9 / 35,5,5,Adjust — Grind coarser,,,,,High,,1,No hopper correction,Grind coarser,,,Outside,18.0,-0.2,,Normal,75–100% → Stable,Stable,,,1.8
2026-04-29 3:45am,2,,3.75,,7.0,18.5,18.5,18.0,,,0.5,-18.5,,,Over → Trim,0.5,1,94,5,,32,30.7,1.71,checked,7.00,6.00,1.00,6.40,checked,,,,,Good,,Good,,,0,1,"Rounded and smooth with a soft, blended body and minimal upfront expression. A light tannin-like dryness and mild acidity emerge in the finish, adding a subtle wine-like character that clears cleanly. Pleasant and balanced, but lacks the full structure and engagement of the longer extraction.
You’re just short of unlocking full structure—this is the “almost there” shot",7.00,,2026-04-20,Phase 2,71.17%,-86.53%,50–75%,50–75%,MH Bag 2 April 27 2026,,Center,3,,0.0%,99%,,,Slow,Normal,7 / 8 / 10,27 / 31.9 / 35,0,0,Stable,64.7%,Outside,,Drifting,Mid-High,Check Other Factors,0,No hopper correction,No change,,,Outside,18.0,0.5,,Normal,50–75% → Stable,Stable,,,2.5
2026-04-30 3:40am,2,,3.75,,7.0,18.2,18.2,18.2,,,,-18.2,,,None,,0,94,7,39,35,32.6,1.79,checked,10.00,10.00,0.00,10.00,checked,,checked,,,Dialed In,Balanced,Good,Daily Driver,Chocolate Leaning,1,1,"Reference daily driver shot. Strong chocolate body, smooth entry, and perfectly integrated acidity. Highly repeatable and ideal for everyday drinking.",10.00,,2026-04-20,Phase 2,69.97%,-86.53%,50–75%,50–75%,MH Bag 2 April 27 2026,Center,Center,3,3,100.0%,69%,Match,4,Slow,Normal,7 / 8 / 10,27 / 31.9 / 35,3,3,Adjust — Grind coarser,90.7%,Great,Target,Drifting,Mid-High,Check Other Factors,1,No hopper correction,Grind coarser,,,Sweet Zone,18.0,0.2,,Normal,50–75% → Stable,Stable,,,2.2
2026-04-30 10:25am,2,,3.75,,7.0,17.8,17.8,17.8,,,,-17.8,,,None,,-0,94,8,32,28,32.9,1.85,checked,9.70,9.60,0.10,9.64,checked,,,,,Dialed In,,Good,,,0,1,"Rich, drinkable dark chocolate profile with smooth body and a light tannin structure. The finish leans slightly dry, just beyond ideal preference, though still clean and enjoyable. Highly satisfying overall, with excellent chocolate character and only a minor excess of dryness.",9.70,,2026-04-20,Phase 2,63.90%,-86.53%,50–75%,50–75%,MH Bag 2 April 27 2026,Center,Center,3,3,100.0%,61%,Match,4,Slow,Normal,7 / 8 / 10,27 / 31.9 / 35,-4,-4,Adjust — Grind finer,86.8%,Great,Target,Drifting,Mid-High,Check Other Factors,1,No hopper correction,Grind finer,,,Outside,18.0,-0.2,-0.2,Normal,50–75% → Stable,Stable,0.2,No top-up,1.8
2026-05-01 4:10am,2,,3.75,,7.0,17.3,18.1,18.1,0.2,0.8,,-18.1,,,Under → Top-Up,0.8,-1,94,6,29,26,33.3,1.84,checked,7.50,6.00,1.50,6.60,checked,,,,,Good,,Good,,,0,1,"Fast, open extraction with early acidity that interferes with chocolate development. Tannin is present but lacks supporting body, causing slight imbalance rather than structured finish. Clean and drinkable, but components compete rather than integrate, resulting in an average overall experience.",7.50,,2026-04-20,Phase 2,57.97%,-86.53%,50–75%,50–75%,MH Bag 2 April 27 2026,Edge,Review,0,2,33.0%,41%,Mismatch,3,Slow,Fast,7 / 8 / 10,27 / 31.9 / 35,-6,-6,Adjust — Grind finer,56.4%,Outside,,Drifting,Mid-High,Check Other Factors,2,No hopper correction,Grind finer,,,Outside,18.0,-0.7,0.1,Moderate Drop,50–75% → Drop,Moderate,0.7,Consider 0.3 sec top-up,1.3
2026-05-01 10:35am,2,,3.75,,7.0,18.8,18.8,18.0,,,0.8,-18.8,,,Over → Trim,0.8,1,94,5,28,28,31.7,1.76,checked,9.00,9.20,-0.20,9.12,checked,,,,,Dialed In,,Good,Daily Driver,,1,1,"Sweet, caramel-forward shot with a rounded body and slight muddiness that adds weight and drinkability. Light tannin presence on the upper palate provides mild structure without dryness. Very approachable and consistent, making it an excellent everyday drinking profile.",9.00,,2026-04-20,Phase 2,51.93%,-86.53%,50–75%,50–75%,MH Bag 2 April 27 2026,Center,Center,3,3,100.0%,61%,Match,0,Slow,Normal,7 / 8 / 10,27 / 31.9 / 35,-4,-4,Adjust — Grind finer,83.3%,Good,,Drifting,Mid-High,Check Other Factors,2,No hopper correction,Grind finer,,,Outside,18.0,0.8,0.0,Normal,50–75% → Stable,Stable,-0.8,,2.8
2026-05-02 4:30am,2,,3.75,,7.0,18.1,18.1,18.1,,,,-18.1,,,None,,0,94,6,29,26,32.2,1.78,checked,7.00,6.00,1.00,6.40,checked,,,,,Good,,Good,,,0,1,"Noticeable sourness presents early and lingers briefly before fading, slightly interfering with overall balance. Chocolate and sweetness are present but reduced due to fast extraction and low resistance. Drinkable but unintegrated, resulting in a modest, non-engaging shot.",7.00,,2026-04-20,Phase 2,45.67%,-86.53%,30–50%,30–50%,MH Bag 2 April 27 2026,Outside,Review,0,1,67.0%,41%,Mismatch,3,Slow,Fast,7 / 8 / 10,27 / 31.9 / 35,-6,-6,Adjust — Grind finer,60.7%,Outside,,Drifting,Mid,Check Other Factors,3,Review manually,Grind finer,,,Outside,17.9,0.1,0.1,Normal,30–50% → Stable,Stable,-0.1,,2.1
2026-05-02 1:25pm,2,,3.66,checked,7.0,18.2,18.2,18.2,,,,-27.6,9.4,,None,,0,94,7,35,34,32.1,1.76,,4.50,3.50,1.00,3.90,checked,,,,,Good,,Good,,,0,1,"Sour acidity dominates immediately on entry and lingers unpleasantly without clearing. Sweetness, caramel, and chocolate are suppressed, with poor integration and low balance. Valid shot but fast/unintegrated, likely needing a slightly finer grind.",4.50,,2026-04-20,Phase 2,39.63%,-86.53%,30–50%,30–50%,MH Bag 2 April 27 2026,Outside,Outside,1,1,100.0%,79%,Match,1,Slow,Normal,7 / 8 / 10,27 / 31.9 / 35,2,2,Adjust — Grind coarser,66.2%,Edge,,Drifting,Mid,Check Other Factors,1,Review manually,Grind coarser,,,Sweet Zone,17.9,0.2,0.2,Normal,30–50% → Stable,Stable,-0.2,,2.2
2026-05-03 5:20am,2,,3.55,checked,7.0,17.4,18.1,18.0,0.2,0.7,0.1,-18.1,,,Under → Top-Up,0.7,-1,94,7,34,32,33.1,1.84,checked,10.00,10.00,0.00,10.00,checked,,checked,,,Dialed In,,Good,Daily Driver,Caramel Leaning,1,1,"Rich, caramel-forward shot with chocolate supporting for a creamy, coating mouthfeel. Excellent integration with strong body and smooth texture. Caramel is dominant while chocolate rounds out the profile. Very balanced and enjoyable throughout, with only a slight tannin dryness appearing late as the cup cools, adding structure without detracting. This represents the ideal expression of the coffee for this bag.",10.00,,2026-04-20,Phase 2,30.43%,-86.53%,30–50%,30–50%,MH Bag 2 April 27 2026,Center,Center,3,3,100.0%,99%,Match,2,Slow,Normal,7 / 8 / 10,27 / 31.9 / 35,0,0,Stable,99.7%,Elite,Target,Stable,Mid,,0,Low hopper but stable — no change,No change,Update Bag Scale Range,,Sweet Zone,17.9,-0.6,0.0,Moderate Drop,30–50% → Drop,Moderate,0.6,Consider 0.3 sec top-up,1.4
2026-05-03 12:05pm,2,,3.55,,7.0,17.9,17.9,17.9,,,,-17.9,,,None,,-0,94,6,29,27,32.6,1.82,checked,6.50,5.50,1.00,5.90,checked,,,,,Good,,Good,,,0,1,"Slight sour acidity appears as the shot cools and remains noticeable, though it clears for the most part. Finishable, but not especially enjoyable, with sweetness, caramel, and chocolate suppressed by the fast/under-integrated extraction. Valid shot and likely a single fast-drift data point at 3.55; wait for one more similar result before adjusting finer.",6.50,,2026-04-20,Phase 2,24.40%,-86.53%,15–30%,15–30%,MH Bag 2 April 27 2026,Outside,Outside,1,1,100.0%,51%,Match,2,Slow,Normal,7 / 8 / 10,27 / 31.9 / 35,-5,-5,Adjust — Grind finer,67.8%,Edge,,Drifting,Low,Likely Hopper Effect,4,Correct — add +0.1 to +0.2 sec or refill hopper,Grind finer,,,Outside,17.7,-0.1,-0.1,Normal,15–30% → Stable,Stable,0.1,No top-up,1.9
2026-05-04 3:10am,2,,3.50,checked,6.8,17.4,18.2,18.0,0.2,0.8,0.2,-18.2,,,Under → Top-Up,0.8,-1,94,6,33,29,32.4,1.80,checked,6.50,5.50,1.00,5.90,checked,,,,,Good,,Good,,,0,1,"Chocolate leads but is muted and lacks clarity. The shot presents as flat and blended, with little separation between flavors. Nothing stands out distinctly, resulting in a somewhat boring and unstructured cup. Slight tannin appears at the finish, but very mild. Overall, this indicates slight over-extraction/over-integration at the current grind setting. This shot helps confirm the fine side of the range is dull compared to the brighter but underdeveloped coarser side.",6.50,,2026-04-20,Phase 2,18.43%,-0.00%,15–30%,15–30%,MH Bag 2 May 4 2026,Edge,Outside,1,2,67.0%,71%,Mismatch,4,Slow,Normal,7 / 8 / 10,27 / 31.9 / 35,-3,-3,Adjust — Grind finer,67.2%,Edge,,Drifting,Low,Likely Hopper Effect,2,Correct — add +0.1 to +0.2 sec or refill hopper,Grind finer,,,Outside,17.7,-0.6,0.0,Moderate Drop,15–30% → Drop,Moderate,0.6,Consider 0.3 sec top-up,1.4
2026-05-04 5:30am,2,,,,,,,,,,,289.5,8.1,297.6,None,,,,,,,,,,,,,,,,,,,Hopper Refill,,Hopper Refill,,,0,,,,,2026-04-20,End of Bag,96.98%,-0.00%,75–100%,75–100%,MH Bag 2 May 4 2026,,Outside,1,,67.0%,,,,,,7 / 8 / 10,27 / 31.9 / 35,,,,,,,,High,,,No hopper correction,Review manually,,,Outside,18.0,,,,,,,,
2026-05-04 11:40am,2,,3.55,checked,7.0,17.7,18.4,18.0,0.2,0.7,0.4,-18.4,,,Under → Top-Up,0.7,-0,94,9,36,32,32.8,1.82,checked,9.80,9.00,0.80,9.32,checked,,checked,,,Dialed In,Balanced,Good,Heavy Body,Chocolate Leaning,0,1,"Strong caramel leads with chocolate support and a full, coating body across the tongue and upper palate. Late tannins develop toward the rear upper mouth, creating a structured, cigar-like pacing effect, but they clear cleanly from front to back. As the shot cools, acidity becomes more noticeable yet remains pleasant and clearing rather than sour, leaving a very smooth ending with only slight residual dryness after repeated sips.",9.80,,2026-04-20,End of Bag,90.79%,-0.00%,75–100%,75–100%,MH Bag 2 May 4 2026,Center,Center,3,3,100.0%,99%,Match,4,Slow,Normal,7 / 8 / 10,27 / 31.9 / 35,0,0,Stable,98.7%,Elite,Target,Stable,High,,0,No hopper correction,No change,Update Bag Scale Range,,Sweet Zone,18.0,-0.3,0.0,Normal,75–100% → Stable,Stable,0.3,Consider 0.2 sec top-up,1.7
2026-05-05 3:00am,2,,3.55,,7.0,17.9,17.9,17.9,,,,-17.9,,,None,,-0,94,8,37,33,32.5,1.82,checked,10.00,10.00,0.00,10.00,checked,,checked,,,Dialed In,,Good,Signature Shot,Caramel Leaning,0,1,"Caramel-forward shot with chocolate supporting, very well integrated and balanced. Full-bodied and rich without being overpowering. No noticeable tannin buildup, with only minimal structure at the finish. Smooth, clean, and highly drinkable with strong repeatability. Represents the ideal daily-driver profile for this bag. 17.9g clean puck at 3.55 produced your best, most drinkable shot — this is your daily driver",10.00,,2026-04-20,End of Bag,90.79%,-0.00%,75–100%,75–100%,MH Bag 2 May 4 2026,Center,Center,3,3,100.0%,89%,Match,4,Slow,Normal,7 / 8 / 10,27 / 31.9 / 35,1,1,Watch,96.7%,Elite,Target,Stable,High,,0,No hopper correction,Review manually,,,Sweet Zone,18.0,-0.1,-0.1,Normal,75–100% → Stable,Stable,0.1,No top-up,1.9
2026-05-05 12:00pm,2,,3.55,,7.0,18.3,18.3,18.0,,,0.3,-18.3,,,Over → Trim,0.3,0,94,9,38,31,32.7,1.82,checked,8.50,7.50,1.00,7.90,checked,,,,,Good,,Good,,,0,1,"Slightly stronger version of the daily-driver shot. Caramel and chocolate remain well integrated with a silky texture, but tannins build with repeated sips, creating a mild cheek pucker. Clears well between sips but becomes slightly fatiguing over time. Indicates extraction just past ideal balance.",8.50,,2026-04-20,End of Bag,78.97%,-0.00%,75–100%,50–75%,MH Bag 2 May 4 2026,Edge,Center,3,2,67.0%,91%,Mismatch,7,Slow,Normal,7 / 8 / 10,27 / 31.9 / 35,-1,-1,Stable,83.2%,Good,,Watch,High,,0,No hopper correction,No change,,,Sweet Zone,18.0,0.3,0.0,Normal,75–100% → Stable,Stable,-0.3,,2.3
2026-05-06 3:30am,2,,3.55,,7.0,18.4,18.4,18.0,,,0.4,-18.4,,,Over → Trim,0.4,0,94,9,41,34,32.3,1.79,checked,9.75,9.25,0.50,9.45,checked,,checked,,,Dialed In,Balanced,Good,Dynamic Complexity,Balanced,0,1,"Rich chocolate and caramel-centered shot with faint integrated acidity while hot. As the espresso cooled, the acidity progressively increased in presence and eventually balanced evenly alongside the chocolate and caramel notes. Acidity remained refreshing and complementary rather than sour or sharp. Finish cleared extremely cleanly between sips with no tannin buildup or palate fatigue. Highly dynamic and evolving shot with excellent integration across all temperature stages. More complex and lively than the daily-driver profile while remaining extremely pleasant and refined.",9.75,,2026-04-20,End of Bag,72.82%,-0.00%,50–75%,50–75%,MH Bag 2 May 4 2026,Center,Center,3,3,100.0%,79%,Match,7,Slow,Normal,7 / 8 / 10,27 / 31.9 / 35,2,2,Adjust — Grind coarser,92.4%,Elite,Target,Watch,Mid-High,,1,No hopper correction,Grind coarser,,,Outside,18.0,0.4,0.0,Normal,50–75% → Stable,Stable,-0.4,,2.4
2026-05-06 11:40am,2,,3.55,,7.0,18.0,18.0,18.0,,,,-18.0,,,None,,0,94,8,37,33,32.7,1.82,,8.50,3.00,5.50,5.20,checked,,,,,Good,,Good,,,0,1,"Technically strong and highly extracted espresso with pronounced upfront intensity and structured body. Acidity and tannin character became increasingly dominant through repeated sips and as the espresso cooled. Initially cleared relatively cleanly, but lingering citrus acidity, persistent pucker, slight sourness, and residual dryness accumulated over time. Edge-of-tongue acidity became increasingly noticeable during intake as the shot cooled. Mechanically coherent and structurally clean, but extraction intensity exceeded preferred balance and became unpleasant enough that the shot was not finished.",8.50,,2026-04-20,End of Bag,66.63%,-0.00%,50–75%,50–75%,MH Bag 2 May 4 2026,Edge,Center,3,2,67.0%,89%,Mismatch,4,Slow,Normal,7 / 8 / 10,27 / 31.9 / 35,1,1,Watch,82.6%,Good,,Watch,Mid-High,,0,No hopper correction,Review manually,,,Sweet Zone,18.0,0.0,0.0,,,,0.0,,2.0
2026-05-07 4:00am,2,,3.55,,7.0,18.3,18.3,18.0,,,0.3,-18.3,,,Over → Trim,0.3,0,94,8,35,30,31.7,1.76,checked,9.00,9.00,0.00,9.00,checked,,,,,Dialed In,Balanced,Good,,,0,1,"Caramel-forward espresso with chocolate support and a rich coating texture on entry. Slightly lower body and saturation than the highest-end daily-driver reference shots, but with excellent balance and significantly reduced extraction intensity compared to previous edge-leaning shots. Acidity remained light and palate-cleansing while hot, gradually increasing slightly as the espresso cooled while staying integrated and pleasant. Very slight structured pucker and lingering acidity remained after clearing, though sweetness and caramel dominance stayed intact throughout. Finish remained clean with a lightly sweet caramel residue and low tannin presence. Highly enjoyable, balanced, and repeatable shot, though slightly less emotionally engaging and memorable than the top reference daily-driver profiles.",9.00,,2026-04-20,End of Bag,60.58%,-0.00%,50–75%,50–75%,MH Bag 2 May 4 2026,Center,Center,3,3,100.0%,81%,Match,5,Slow,Normal,7 / 8 / 10,27 / 31.9 / 35,-2,-2,Watch,89.3%,Great,Target,Stable,Mid-High,,1,No hopper correction,Review manually,,,Sweet Zone,18.0,0.3,0.0,Normal,50–75% → Stable,Stable,-0.3,,2.3
2026-05-07 11:30am,2,,3.55,,7.0,18.8,18.8,18.0,,,0.8,-18.8,,,Over → Trim,0.8,1,94,9,39,34,32.5,1.81,,9.00,7.50,1.50,8.10,checked,,,,,Good,,Good,,,0,1,,9.00,,2026-04-20,End of Bag,54.44%,-0.00%,50–75%,50–75%,MH Bag 2 May 4 2026,Edge,Center,3,2,67.0%,79%,Mismatch,5,Slow,Normal,7 / 8 / 10,27 / 31.9 / 35,2,2,Adjust — Grind coarser,82.1%,Good,,Watch,Mid-High,,1,No hopper correction,Grind coarser,,,Sweet Zone,18.0,0.8,0.0,Normal,50–75% → Stable,Stable,-0.8,,2.8
2026-05-07 12:20pm,2,,3.55,,7.0,18.2,18.2,18.0,,,0.2,-18.2,,,Over → Trim,0.2,0,94,9,,30,30.8,1.71,,,,,,,checked,,,,Good,,Good,,,0,1,"Prepared for others. Brief hot and cooling evaluation showed slight upfront acidity with a clean clearing finish and no noticeable accumulation or harsh tannin development. Acidity appeared structured and integrated rather than sour or fatiguing. Overall shot appeared balanced, drinkable, and mechanically coherent despite incomplete timing data.     36–39 sec possibly for pour time",,,2026-04-20,End of Bag,48.12%,-0.00%,30–50%,30–50%,MH Bag 2 May 4 2026,Center,Outside,1,3,33.0%,81%,Mismatch,,Slow,Normal,7 / 8 / 10,27 / 31.9 / 35,-2,-2,Watch,,,,,Mid,,1,Review manually,Review manually,,,Outside,17.9,0.2,0.0,Normal,30–50% → Stable,Stable,-0.2,,2.2
2026-05-08 3:35am,2,,3.55,,7.0,18.2,18.2,18.0,,,0.2,-18.2,,,Over → Trim,0.2,0,94,7,31,27,32.0,1.78,checked,9.50,9.50,0.00,9.50,checked,,checked,,,Dialed In,,Good,Signature Shot,Refined Dynamic,0,1,"Highly refined and dynamically evolving espresso with integrated citrus acidity woven directly into a caramel and chocolate foundation. The shot entered with a pleasant caramel-chocolate blend before pronounced citrus acidity emerged across the full palate, creating a refreshing and articulate progression rather than aggressive intensity. Acidity cleansed the palate cleanly before disappearing, leaving behind a lighter sweet chocolate-caramel coating with excellent separation and clarity. As the espresso cooled, citrus became increasingly expressive while remaining elegant, integrated, and highly enjoyable without tannin buildup or palate fatigue. The evolving structure and refreshing finish strongly resembled the dynamic progression previously experienced in the Ethiopian reference shots, but with greater integration and balance. A highly refined, articulate, and emotionally engaging espresso experience.",9.50,,2026-04-20,End of Bag,42.00%,-0.00%,30–50%,30–50%,MH Bag 2 May 4 2026,Center,Center,3,3,100.0%,51%,Match,4,Slow,Normal,7 / 8 / 10,27 / 31.9 / 35,-5,-5,Adjust — Grind finer,82.8%,Good,,Drifting,Mid,Check Other Factors,3,Review manually,Grind finer,,,Outside,17.9,0.2,0.0,Normal,30–50% → Stable,Stable,-0.2,,2.2
2026-05-08 5:00pm,2,,3.55,,7.0,18.4,18.4,18.0,,,0.4,-18.4,,,Over → Trim,0.4,0,94,12,43,,32.4,1.80,checked,8.75,7.00,1.75,7.70,checked,,,,,Good,,Good,,,0,1,"Dense, rich espresso with strong caramel saturation and creamy body supported by darker milk-chocolate-style dryness and structured tannins. Acidity remained mostly restrained early, becoming more noticeable toward the back of the palate as the shot cooled while still clearing cleanly after swallowing. Swishing revealed additional articulation and acidity hidden beneath the dense structure, though the espresso increasingly compressed as temperature dropped. Slight pucker and tannic residue accumulated gradually across the tongue and rear palate, creating a pleasurable but increasingly saturated experience. As the shot fully cooled, sweetness and articulation collapsed inward and exited together with the swallow rather than evolving independently. A rich and technically strong upper-boundary extraction that remained enjoyable but exceeded the preferred refinement and openness of the best dynamic reference shots.",8.75,,2026-04-20,End of Bag,35.89%,-0.00%,30–50%,30–50%,MH Bag 2 May 4 2026,Edge,Review,0,2,33.0%,,Mismatch,,,,7 / 8 / 10,27 / 31.9 / 35,,,,,,,,Mid,,,Review manually,Review manually,,,Outside,17.9,0.4,0.0,Normal,30–50% → Stable,Stable,-0.4,,2.4
2026-05-09 3:50am,2,,3.55,,7.0,18.6,18.6,18.0,,,0.6,-18.6,,,Over → Trim,0.6,1,94,8,37,32,32.0,1.78,checked,9.25,9.00,0.25,9.10,checked,,checked,,,Good,Balanced,Good,Daily Driver,Balanced Comfort,1,1,"Rich, creamy espresso with strong caramel sweetness supported by integrated chocolate structure and a smooth full-bodied mouthfeel. Light acidity appeared gently on entry and again near the finish before swallowing, consistently clearing the palate cleanly while leaving behind a pleasant lingering acidity as the espresso cooled. Caramel and chocolate became highly integrated, with sweetness often presenting as a unified creamy structure rather than distinct flavor separation. The shot remained satisfying and comforting throughout while still developing increasing articulation and acidity during cooling without tannin buildup or palate fatigue. Cooling behavior remained refined and balanced, combining richness, openness, and repeatable drinkability in a highly coherent and emotionally satisfying profile.",9.25,,2026-04-20,End of Bag,29.70%,-0.00%,15–30%,15–30%,MH Bag 2 May 4 2026,Center,Center,3,3,100.0%,99%,Match,5,Slow,Normal,7 / 8 / 10,27 / 31.9 / 35,0,0,Stable,96.0%,Elite,Target,Stable,Low,,0,Low hopper but stable — no change,No change,Update Bag Scale Range,,Sweet Zone,17.7,0.6,0.0,Normal,15–30% → Stable,Stable,-0.6,,2.6
2026-05-09 1:00pm,2,,3.55,,7.0,17.8,18.5,18.0,0.2,0.7,0.5,-18.5,,,Under → Top-Up,0.7,-0,94,8,39,,32.3,1.79,checked,7.50,6.00,1.50,6.60,checked,,,,,Good,,Good,,,0,1,"Rich, creamy caramel-forward espresso with strong body and satisfying sweetness while hot. Light acidity appeared gently throughout the cup and initially integrated reasonably well with the caramel-heavy structure. As the espresso cooled, tannic dryness developed along the tongue edges and lower cheek valleys while acidity became increasingly resonant through the center palate. Cooling progression gradually revealed lingering sourness and structural imbalance in the finish, creating an otherwise enjoyable shot with a less satisfying ending. The espresso remained fully drinkable and technically solid, but late-stage cooling evolution exposed uneven palate coherence and reduced refinement compared to the strongest reference shots.",7.50,,2026-04-20,End of Bag,23.45%,-0.00%,15–30%,15–30%,MH Bag 2 May 4 2026,Edge,Review,0,2,33.0%,,Mismatch,,,,7 / 8 / 10,27 / 31.9 / 35,,,,,,,,Low,,,Review manually,Review manually,,,Sweet Zone,17.7,-0.2,0.0,Normal,15–30% → Stable,Stable,0.2,No top-up,1.8
2026-05-10 5:45am,2,,3.55,,7.0,18.3,18.3,18.0,,,0.3,-18.3,,,Over → Trim,0.3,0,94,10,41,34,31.7,1.76,checked,10.00,9.90,0.10,9.94,checked,,checked,,,Dialed In,,Good,Signature Shot,Balanced Comfort,0,1,"Creamy, cacao-forward shot with developing nut character as the espresso cooled. Medium-high body with a smooth, rich texture and a clean finish. Acidity increased progressively through cooling but remained positive and integrated, freshening the palate and preventing dryness. Lingering light acidity balanced the darker cacao structure well and made the shot feel lively rather than heavy. Very enjoyable and highly drinkable; strong candidate for a daily-driver reference profile.",10.00,,2026-04-20,End of Bag,17.24%,-0.00%,15–30%,15–30%,MH Bag 2 May 4 2026,Center,Center,3,3,100.0%,79%,Match,7,Slow,Normal,7 / 8 / 10,27 / 31.9 / 35,2,2,Adjust — Grind coarser,93.7%,Elite,Target,Watch,Low,,2,"Watch — if grinder output drops, add +0.1 sec",Grind coarser,,,Outside,17.7,0.3,0.0,Normal,15–30% → Stable,Stable,-0.3,,2.3
2026-05-10 5:52am,2,,3.55,,,,,,,,,-2.4,2.4,,None,,,,,,,,,,,,,,,,,,,Fault,,Fault,,,0,,Hit the grind button when in single shot mode and ground .2 seconds. I tossed the grinds and realized I needed an amount. I ground twice more for .2 seconds each time and got .8 grams each time so I made an assumption that .8 grams was a safe bet on the first time. Total of 2.4 grams wasted for .6 seconds time,,,2026-04-20,End of Bag,11.09%,-0.00%,0–15%,0–15%,MH Bag 2 May 4 2026,,Outside,1,,67.0%,,,,,,7 / 8 / 10,27 / 31.9 / 35,,,,,,,,Very Low,,,Review manually,Review manually,,,Outside,17.9,,,,,,,,
2026-05-10 9:55am,2,,3.55,,7.0,17.9,18.7,18.0,0.2,0.8,0.7,-18.7,,,Under → Top-Up,0.8,-0,94,7,36,31,32.0,1.78,checked,9.25,8.75,0.50,8.95,checked,,checked,,,Dialed In,,Good,Boundary Shot,Dynamic Articulation,0,1,"Lighter-bodied but highly expressive espresso with pronounced acidity present immediately upon entry and continuing dynamically throughout the sip while consistently clearing the palate cleanly after swallowing. Acidity intensity increased significantly as the espresso cooled, creating a new level of articulated brightness and palate interaction not previously experienced within this project. Despite the unusually strong acidity presence, the shot remained coherent, playful, and structurally integrated rather than collapsing into unpleasant sourness. Light tannic dryness and mild puckering developed around the tongue and mouth edges but remained controlled and largely reset by the cleansing finish. The espresso evolved into a highly dynamic and intellectually engaging shot that appeared to define the upper enjoyable boundary of acidity-forward expression while still maintaining sweetness integration and drinkability.",9.25,,2026-04-20,End of Bag,10.28%,-0.00%,0–15%,0–15%,MH Bag 2 May 4 2026,Edge,Center,3,2,67.0%,91%,Mismatch,5,Slow,Normal,7 / 8 / 10,27 / 31.9 / 35,-1,-1,Stable,87.0%,Great,Target,Stable,Very Low,,1,Low hopper but stable — no change,No change,Update Bag Scale Range,,Sweet Zone,17.9,-0.1,0.0,Normal,0–15% → Stable,Stable,0.1,No top-up,1.9
2026-05-10 1:30pm,2,,3.55,,,,,,,,,-11.9,11.9,,None,,,,,,,,,,,,,,,,,,,Maintenance - Grinder,,"Maintenance - Grinder,Reconciliation to Zero Out Hopper",,,0,,End-of-bag grinder cleanout and hopper reconciliation. Multiple 5-second purge grinds used to clear retained coffee and transition to next bag. Remaining unmeasured vacuum retention acknowledged as reconciliation variance.,,,2026-04-20,Grinder Cleanout,4.00%,-0.00%,0–15%,0–15%,MH Bag 2 May 4 2026,,Outside,1,,67.0%,,,,,,7 / 8 / 10,27 / 31.9 / 35,,,,,,,,Very Low,,,Review manually,Review manually,,,Outside,17.9,,,,,,,,
2026-05-10 1:45pm,3,,,,,,,,,,,300.0,,300.0,None,,,,,,,,,,,,,,,,,,,Hopper Refill,,New Bag of Beans,,,0,,"New Guatemala medium roast bag loaded. Hopper filled closed, chute opened afterward. Grinder physically bounced/shaken gently to settle bean column and feed path before first timed grinds.",,,2026-05-10,Phase 1,100.00%,14.60%,75–100%,75–100%,"""MH Bag 3 May 10, 2026
""",,Outside,1,,67.0%,,,,,,6 / 7.8 / 10,22 / 25.9 / 30,,,,,,,,High,,,No hopper correction,Review manually,,,Outside,18.0,,,,,,,,
2026-05-10 2:00pm,3,,,,,,,,,,,,,,None,,,,,,,,,,,,,,,,,,,Maintenance - Machine,,Maintenance - Espresso Machine,,,0,,Blind basket hot-water backflush: 3 × 15-second flushes. Followed by ~10 second hot water flush through group and portafilter. No Cafiza used,,,2026-05-10,Phase 1,100.00%,14.60%,75–100%,75–100%,"""MH Bag 3 May 10, 2026
""",,Outside,1,,67.0%,,,,,,6 / 7.8 / 10,22 / 25.9 / 30,,,,,,,,High,,,No hopper correction,Review manually,,,Outside,18.0,,,,,,,,
2026-05-10 2:30pm,3,,,,,,,,,,,-88.8,88.8,,None,,,,,,,,,,,,,,,,,,,Experimental,,Transition / Dial-In,,,0,,Initial Guatemala bag stabilization and grinder transition testing after full grinder cleanout. Early timed-output measurements depressed due to unsettled bean feed path and empty burr chamber. Multiple grind-setting adjustments performed while stabilizing espresso resistance behavior. Coffee exhibited dramatically faster extraction behavior than prior Brazil bag despite lower timed grind output.,,"7 sec timed grind outputs:
14.9g
16.0g
16.2g

3.75 setting:
16.2g initial
+0.7 sec correction
18g dose
5 sec first drip
12 sec scale time
34.3g yield

3.50 setting:
15.8g initial
+0.8 sec correction
18g dose
5 sec first drip
14 sec scale time
35.7g yield

3 × 0.3 sec purge adjustments during grind-setting transition.

7 sec timed grind:
15.3g

1 sec grind:
3.1g discarded due to correction oversight.

Final transition setting adjusted to 2.50 for next stabilization shot.",2026-05-10,Phase 1,100.00%,14.60%,75–100%,75–100%,"""MH Bag 3 May 10, 2026
""",,Outside,1,,67.0%,,,,,,6 / 7.8 / 10,22 / 25.9 / 30,,,,,,,,High,,,No hopper correction,Review manually,,,Outside,18.0,,,,,,,,
2026-05-10 3:00pm,3,,2.66,checked,7.8,16.4,18.4,18.0,0.5,2.0,0.4,-18.4,,,Under → Top-Up,2.0,-2,94,5,21,20,33.0,1.83,,,,,,,,,,,Experimental,,Good,,,0,,"First Guatemala shot to enter meaningful espresso resistance territory after grinder stabilization and major grind-setting transition from prior Brazil bag. Extraction remained fast but substantially more controlled than earlier transition gush shots, with improved structural coherence and developing espresso resistance. Coffee appeared naturally faster-flowing, brighter, and more articulated than the Brazil reference bag, suggesting substantially different puck behavior and extraction dynamics. Represents the first analytically meaningful baseline shot for the Guatemala bag.",,Have adjusted grind to 2.5 for next shot,2026-05-10,Phase 1,70.40%,14.60%,50–75%,50–75%,"""MH Bag 3 May 10, 2026
""",,Outside,1,,67.0%,41%,,1,Slow,Fast,6 / 7.8 / 10,22 / 25.9 / 30,-6,-6,Adjust — Grind finer,,,,,Mid-High,,2,No hopper correction,Grind finer,,,Outside,18.0,-1.6,0.0,Severe Drop,50–75% → Drop,Severe,1.6,Consider 0.3 sec top-up,0.4
2026-05-11 3:30am,3,,2.50,checked,8.0,17.7,18.4,18.0,0.2,0.7,0.4,-18.4,,,Under → Top-Up,0.7,-0,94,7,28,24,33.0,1.83,checked,8.00,7.00,1.00,7.40,checked,,checked,,,Dialed In,Tea-Like,Good,Bright Expression,Tea-Like Citrus,0,1,"Fresh citrus acidity enters prominently and remains highly expressive while consistently clearing the palate cleanly after swallowing. Structure is notably lighter and more transparent than the previous Brazil bag, creating a tea-like mouthfeel and elegant cooling evolution. Acidity remains bright and lively without collapsing into harsh sourness or unpleasant tannic buildup. Coffee presents as refined, articulate, and clarity-focused rather than body-driven or heavily saturated. Cooling behavior increasingly resembles black tea or citrus tea structure with high palate cleanliness and refreshing finish.",8.00,,2026-05-10,Phase 1,64.27%,14.60%,50–75%,50–75%,"""MH Bag 3 May 10, 2026
""",Edge,Center,3,2,67.0%,81%,Mismatch,4,Slow,Normal,6 / 7.8 / 10,22 / 25.9 / 30,-2,-2,Watch,77.7%,Good,,Watch,Mid-High,,1,No hopper correction,Review manually,,,Outside,18.0,-0.3,0.0,Normal,50–75% → Stable,Stable,0.3,Consider 0.2 sec top-up,1.7
2026-05-11 11:00am,3,,2.50,,8.1,18.0,18.0,18.0,,,,-18.0,,,None,,0,94,7,26,23,32.9,1.83,,7.50,6.50,1.00,6.90,checked,,,,,Good,,Good,,,0,1,,7.50,,2026-05-10,Phase 1,58.13%,14.60%,50–75%,50–75%,"""MH Bag 3 May 10, 2026
""",Edge,Center,3,2,67.0%,71%,Mismatch,3,Slow,Normal,6 / 7.8 / 10,22 / 25.9 / 30,-3,-3,Adjust — Grind finer,72.2%,Edge,,Drifting,Mid-High,Check Other Factors,1,No hopper correction,Grind finer,,,Outside,18.0,0.0,0.0,,,,0.0,,2.0
2026-05-12 3:30am,3,,2.50,,8.0,17.7,18.4,18.0,0.2,0.7,0.4,-18.4,,,Under → Top-Up,0.7,-0,94,7,26,22,33.4,1.86,checked,10.00,10.00,0.00,10.00,checked,,checked,,,Dialed In,,Good,Daily Driver,Balanced Comfort,1,1,,10.00,,2026-05-10,Phase 1,52.13%,14.60%,50–75%,50–75%,"""MH Bag 3 May 10, 2026
""",Center,Center,3,3,100.0%,61%,Match,4,Slow,Normal,6 / 7.8 / 10,22 / 25.9 / 30,-4,-4,Adjust — Grind finer,88.3%,Great,Target,Drifting,Mid-High,Check Other Factors,2,No hopper correction,Grind finer,,,Outside,18.0,-0.3,0.0,Normal,50–75% → Stable,Stable,0.3,Consider 0.2 sec top-up,1.7
2026-05-13 3:20am,3,,2.50,,8.1,18.7,18.7,18.0,,,0.7,-18.7,,,Over → Trim,0.7,1,94,6,24,23,33.2,1.84,checked,7.00,6.00,1.00,6.40,checked,,,,,Good,,Good,,,0,1,"Rich chocolate-forward espresso with light caramel sweetness providing mild support underneath. Shot is structurally balanced and drinkable with no major extraction flaws, but overall presentation feels muted and emotionally flat compared to more expressive Guatemala shots earlier in the bag. Acidity and citrus articulation are subdued, resulting in limited dynamic movement or palate evolution. Finish remains relatively clean with low tannin accumulation, though the coffee lacks the freshness, tea-like clarity, and engaging complexity previously observed. Overall impression is competent and pleasant but ultimately unmemorable and “safe,” leading to a boring classification despite acceptable balance.",7.00,,2026-05-10,Phase 1,46.00%,14.60%,30–50%,30–50%,"""MH Bag 3 May 10, 2026
""",Center,Center,3,3,100.0%,71%,Match,1,Slow,Normal,6 / 7.8 / 10,22 / 25.9 / 30,-3,-3,Adjust — Grind finer,76.3%,Good,,Watch,Mid,,2,"Watch — if grinder output drops, add +0.1 sec",Grind finer,,,Outside,17.9,0.7,0.0,Normal,30–50% → Stable,Stable,-0.7,,2.7
2026-05-13 11:30am,3,,2.50,,8.1,17.6,18.2,18.0,0.2,0.6,0.2,-18.2,,,Under → Top-Up,0.6,-0,94,6,21,18,32.9,1.83,,6.50,5.50,1.00,5.90,checked,,,,,Good,,Good,,,0,1,"Chocolate-forward espresso with mild caramel sweetness and generally balanced structure, though overall presentation feels muted and emotionally unengaging. Coffee is technically competent and easy to drink but lacks freshness, articulation, and dynamic complexity compared to stronger Guatemala shots earlier in the bag. Acidity and citrus characteristics are subdued, resulting in a flatter and safer profile with limited evolution across the palate. Finish remains relatively clean with minimal tannin accumulation, but the shot ultimately feels unmemorable and “boring” despite acceptable balance.",6.50,,2026-05-10,Phase 1,39.77%,14.60%,30–50%,30–50%,"""MH Bag 3 May 10, 2026
""",Center,Outside,1,3,33.0%,21%,Mismatch,3,Slow,Fast,6 / 7.8 / 10,22 / 25.9 / 30,-8,-8,Adjust — Grind finer,45.4%,Outside,,Drifting,Mid,Check Other Factors,5,Review manually,Grind finer,,,Outside,17.9,-0.4,0.0,Normal,30–50% → Stable,Stable,0.4,Consider 0.2 sec top-up,1.6
2026-05-14 4:10am,3,,2.50,,8.1,18.2,18.2,18.0,,,0.2,-19.3,1.1,,Over → Trim,0.2,0,94,6,22,,32.0,1.78,,6.50,5.50,1.00,5.90,checked,,,,,Good,,Good,,,0,1,"Very similar to last shot. Sipped a few times and dumped it, decided it needed a tighter grind.",6.50,Set grinder to 2.5. ground for 4 seconds and purged 1.1 grams,2026-05-10,Phase 1,33.70%,14.60%,30–50%,15–30%,"""MH Bag 3 May 10, 2026
""",Outside,Outside,1,1,100.0%,,Match,,,,6 / 7.8 / 10,22 / 25.9 / 30,,,,,,,,Mid,,,Review manually,Review manually,,,Outside,17.7,0.2,0.0,Normal,30–50% → Stable,Stable,-0.2,,2.2
2026-05-14 4:30am,3,,2.33,checked,8.1,17.1,18.2,18.0,0.4,1.1,0.2,-18.2,,,Under → Top-Up,1.1,-1,94,6,27,,33.3,1.85,checked,7.00,6.00,1.00,6.40,checked,,,,,Good,,Good,,,0,1,,7.00,,2026-05-10,Phase 1,27.27%,14.60%,15–30%,15–30%,"""MH Bag 3 May 10, 2026
""",Center,Review,0,3,0.0%,,Mismatch,,,,6 / 7.8 / 10,22 / 25.9 / 30,,,,,,,,Low,,,Review manually,Review manually,,,Outside,17.7,-0.9,0.0,Moderate Drop,15–30% → Drop,Moderate,0.9,Consider 0.3 sec top-up,1.1
2026-05-14 12:00pm,3,,2.10,checked,8.1,16.5,18.3,18.0,0.6,1.8,0.3,-19.8,1.5,,Under → Top-Up,1.8,-2,94,8,29,24,33.1,1.84,checked,9.50,10.00,-0.50,9.80,checked,,checked,,,Dialed In,,"Good,Purge",Daily Driver,Balanced Comfort,1,1,"Rich, creamy full-bodied espresso with strong caramel and chocolate presence. Excellent saturation and structure with slight tannin buildup that clears cleanly between sips. Highly satisfying extraction.",9.50,Grind tightened to 2.10 to compensate for accelerated flow. Purged retained grounds after adjustment before pulling shot. Extraction stabilized with strong puck resistance and excellent body development.,2026-05-10,Phase 1,21.20%,14.60%,15–30%,0–15%,"""MH Bag 3 May 10, 2026
""",Center,Center,3,3,100.0%,81%,Match,5,Slow,Normal,6 / 7.8 / 10,22 / 25.9 / 30,-2,-2,Watch,91.8%,Great,Target,Stable,Low,,1,Low hopper but stable — no change,Review manually,,,Outside,17.9,-1.5,0.0,Severe Drop,15–30% → Drop,Severe,1.5,Consider 0.3 sec top-up,0.5
2026-05-14 7:00pm,3,,2.10,,,,,,,,,300.0,,300.0,None,,,,,,,,,,,,,,,,,,,Hopper Refill,,Hopper Refill,,,0,,,,,2026-05-10,Phase 2,100.00%,2.77%,75–100%,75–100%,"""MH Bag 3 May 14, 2026""",,Outside,1,,67.0%,,,,,,6 / 7.8 / 10,22 / 25.9 / 30,,,,,,,,High,,,No hopper correction,Review manually,,,Outside,18.0,,,,,,,,
2026-05-14 7:30pm,3,,2.10,,8.1,16.0,18.0,18.0,0.6,2.0,,-18.0,,,Under → Top-Up,2.0,-2,94,9,30,25,32.5,1.81,checked,9.50,9.00,0.50,9.20,checked,,,,,Dialed In,,Good,,,0,1,Very similar to previous shot with slightly stronger concentration and fuller body. Rich chocolate and caramel profile with lingering tannins that clear well. Excellent repeatability and structure.,9.50,Repeatability confirmation shot after stabilization. Mechanically stable extraction with strong resistance and consistent flow behavior.,2026-05-10,Phase 2,100.00%,2.77%,75–100%,75–100%,"""MH Bag 3 May 14, 2026""",Center,Center,3,3,100.0%,91%,Match,5,Slow,Normal,6 / 7.8 / 10,22 / 25.9 / 30,-1,-1,Stable,94.8%,Elite,Target,Stable,High,,0,No hopper correction,No change,Update Bag Scale Range,,Outside,18.0,-2.0,0.0,Severe Drop,75–100% → Drop,Severe,2.0,Consider 0.3 sec top-up,0.0
2026-05-15 4:45am,3,,2.10,,8.1,17.1,18.5,18.0,0.5,1.4,0.5,-18.5,,,Under → Top-Up,1.4,-1,94,8,31,25,32.9,1.83,checked,7.00,7.00,0.00,7.00,checked,,,,,Dialed In,Balanced,Good,,,0,1,"Balanced espresso with integrated chocolate and caramel sweetness supported by pleasant acidity that adds contrast and keeps the shot lively. Full-bodied and structurally coherent without becoming overly heavy or hollow. Smooth, satisfying daily-driver style espresso with good overall harmony.",7.00,,2026-05-10,Phase 2,94.00%,2.77%,75–100%,75–100%,"""MH Bag 3 May 14, 2026""",Edge,Center,3,2,67.0%,91%,Mismatch,6,Slow,Normal,6 / 7.8 / 10,22 / 25.9 / 30,-1,-1,Stable,75.7%,Good,,Watch,High,,0,No hopper correction,No change,,,Outside,18.0,-0.9,0.0,Moderate Drop,75–100% → Drop,Moderate,0.9,Consider 0.3 sec top-up,1.1
2026-05-15 2:00pm,3,,2.10,,8.1,16.7,18.5,18.0,0.7,1.8,0.5,-18.5,,,Under → Top-Up,1.8,-1,94,10,33,27,32.6,1.81,checked,9.00,9.25,-0.25,9.15,checked,,,,Affogato,Good,,Good,,,0,1,"Exceptional affogato experience with rich chocolate and caramel espresso integrating beautifully into partially melted French vanilla ice cream. Creamy, smooth, and highly immersive with excellent balance between sweetness, body, and espresso intensity. One of the most enjoyable dessert-style coffee experiences so far.",9.00,,2026-05-10,Phase 2,87.83%,2.77%,75–100%,75–100%,"""MH Bag 3 May 14, 2026""",Edge,Center,3,2,67.0%,89%,Mismatch,6,Slow,Normal,6 / 7.8 / 10,22 / 25.9 / 30,1,1,Watch,85.1%,Great,Target,Stable,High,,0,No hopper correction,Review manually,,,Outside,18.0,-1.3,0.0,Severe Drop,75–100% → Drop,Severe,1.3,Consider 0.3 sec top-up,0.7
2026-05-16 3:50am,3,,2.10,,8.1,16.9,18.2,18.0,0.4,1.3,0.2,-18.2,,,Under → Top-Up,1.3,-1,94,13,38,29,33.3,1.85,checked,7.00,7.00,0.00,7.00,checked,,,,,Good,Boring,Good,,,0,1,"Heavy, saturated extraction with dominant chocolate character but reduced articulation and liveliness. Technically competent and smooth without sourness, though overall expression feels compressed and emotionally flat. Richness increased at the expense of clarity and dynamic movement.",7.00,,2026-05-10,Phase 2,81.67%,2.77%,75–100%,75–100%,"""MH Bag 3 May 14, 2026""",Edge,Center,3,2,67.0%,69%,Mismatch,9,Slow,Normal,6 / 7.8 / 10,22 / 25.9 / 30,3,3,Adjust — Grind coarser,69.1%,Edge,,Drifting,High,Check Other Factors,1,No hopper correction,Grind coarser,,,Sweet Zone,18.0,-1.1,0.0,Severe Drop,75–100% → Drop,Severe,1.1,Consider 0.3 sec top-up,0.9
2026-05-16 10:30am,3,,2.20,checked,8.1,16.7,18.2,18.0,0.4,1.5,0.2,-19.7,1.5,,Under → Top-Up,1.5,-1,94,8,31,26,33.0,1.83,,3.00,3.00,0.00,3.00,checked,,,,,Good,Hollow,Good,,,0,1,"Initially chocolate-forward while hot, though cooling revealed pronounced sour underdevelopment that lingered unpleasantly before slowly clearing. Structurally incomplete and ultimately not enjoyable to finish.",3.00,,2026-05-10,Phase 2,75.60%,2.77%,75–100%,50–75%,"""MH Bag 3 May 14, 2026""",Outside,Outside,1,1,100.0%,99%,Match,5,Slow,Normal,6 / 7.8 / 10,22 / 25.9 / 30,0,0,Stable,64.7%,Outside,,Drifting,High,Check Other Factors,0,No hopper correction,No change,,,Outside,18.0,-1.3,0.0,Severe Drop,75–100% → Drop,Severe,1.3,Consider 0.3 sec top-up,0.7
2026-05-17 5:10am,3,,2.20,,8.1,17.6,18.2,18.0,0.2,0.6,0.2,-18.2,,,Under → Top-Up,0.6,-0,94,9,33,28,34.4,1.91,checked,9.75,9.00,0.75,9.30,checked,,checked,,,Dialed In,"Balanced,Caramel Rich",Good,Daily Driver,Caramel Leaning,1,1,"Initially presented as heavily caramel-forward and somewhat overwhelming while hot, though the shot continuously improved as it cooled, revealing exceptional balance, sweetness integration, and comforting drinkability. Rich chocolate and caramel structure with very low acidity, evolving into an emotionally satisfying and highly repeatable daily-driver style espresso. Exceptional comfort-oriented reference profile with outstanding affogato potential.",9.75,,2026-05-10,Phase 2,69.03%,2.77%,50–75%,50–75%,"""MH Bag 3 May 14, 2026""",Edge,Center,3,2,67.0%,79%,Mismatch,5,Slow,Normal,6 / 7.8 / 10,22 / 25.9 / 30,2,2,Adjust — Grind coarser,85.9%,Great,Target,Watch,Mid-High,,1,No hopper correction,Grind coarser,,,Outside,18.0,-0.4,0.0,Normal,50–75% → Stable,Stable,0.4,Consider 0.2 sec top-up,1.6
2026-05-17 1:30pm,3,,2.20,,8.1,16.8,18.3,18.0,0.5,1.5,0.3,-18.3,,,Under → Top-Up,1.5,-1,94,9,32,27,32.9,1.83,,3.00,3.00,0.00,3.00,checked,,,,,Good,"Hollow,Caramel Rich",Good,,,0,1,,3.00,,2026-05-10,Phase 2,62.97%,2.77%,50–75%,50–75%,"""MH Bag 3 May 14, 2026""",Outside,Outside,1,1,100.0%,89%,Match,5,Slow,Normal,6 / 7.8 / 10,22 / 25.9 / 30,1,1,Watch,61.7%,Outside,,Drifting,Mid-High,Check Other Factors,0,No hopper correction,Review manually,,,Outside,18.0,-1.2,0.0,Severe Drop,50–75% → Drop,Severe,1.2,Consider 0.3 sec top-up,0.8
2026-05-18 2:50am,3,,2.20,,8.1,17.1,18.5,18.0,0.5,1.4,0.5,-18.5,,,Under → Top-Up,1.4,-1,94,7,28,26,33.9,1.88,checked,10.00,8.50,1.50,9.10,checked,,checked,,,Dialed In,"Chocolate Forward,Intense",Good,Boundary Shot,Bittersweet,0,1,Highly expressive bittersweet espresso dominated by intense dark chocolate and high-cacao structure reminiscent of premium 90% cacao chocolate. Initially perceived almost as burnt before revealing elegant bittersweet cocoa complexity and structured dark chocolate expression. Exceptional and memorable coffee experience that pushed beyond personal comfort preference while remaining deeply impressive and highly drinkable.,10.00,,2026-05-10,Phase 2,56.87%,2.77%,50–75%,50–75%,"""MH Bag 3 May 14, 2026""",Outside,Center,3,1,33.0%,99%,Mismatch,2,Slow,Normal,6 / 7.8 / 10,22 / 25.9 / 30,0,0,Stable,86.3%,Great,Target,Stable,Mid-High,,0,No hopper correction,No change,Update Bag Scale Range,,Outside,18.0,-0.9,0.0,Moderate Drop,50–75% → Drop,Moderate,0.9,Consider 0.3 sec top-up,1.1
2026-05-18 1:00pm,3,,2.20,,8.1,16.7,34.1,18.0,8.1,17.4,16.1,-34.1,,,Under → Top-Up,17.4,-1,94,8,,22,34.8,1.93,checked,9.50,7.50,2.00,8.30,checked,,checked,,,Dialed In,Chocolate Forward,Good,Boundary Shot,Bittersweet,0,1,"Highly expressive dark chocolate-forward espresso with strong bittersweet cacao structure and elevated tannic intensity. Cooling revealed persistent but mostly clearing bittersweet tannin and slight sour-leaning cacao sharpness concentrated toward the rear palate. Structurally clean and impressive despite pushing near the upper edge of enjoyable intensity, showcasing powerful high-cacao espresso expression without collapsing into unpleasant harshness.",9.50,"I accidentally forgot to switch to single shot mode on grinder so when I initiated another grind it did a full 8.1 second grind, hence the large top-up and grind removal",2026-05-10,Phase 2,50.70%,2.77%,50–75%,30–50%,"""MH Bag 3 May 14, 2026""",Edge,Center,3,2,67.0%,61%,Mismatch,,Slow,Normal,6 / 7.8 / 10,22 / 25.9 / 30,-4,-4,Adjust — Grind finer,79.2%,Good,,Drifting,Mid-High,Check Other Factors,2,No hopper correction,Grind finer,,,Outside,17.9,-1.3,0.0,Severe Drop,50–75% → Drop,Severe,1.3,Consider 0.3 sec top-up,0.7
2026-05-18 2:30pm,3,,2.20,,8.1,17.1,18.4,17.0,0.5,1.3,1.4,-18.4,,,Under → Top-Up,1.3,-1,94,7,28,25,34.4,2.02,checked,5.50,5.50,0.00,5.50,checked,,,,Affogato,Good,"Hollow,Caramel Rich",Good,,,0,1,"Accidental spill during funnel removal likely reduced effective basket dose and opened extraction substantially, producing a thinner and slightly sour-leaning version of the coffee’s typical bittersweet chocolate profile. Affogato presentation remained acceptable but lacked the richer saturation and structured cacao intensity seen in stronger extractions. Clear demonstration of this coffee’s sensitivity to puck density and extraction balan",5.50,,2026-05-10,Phase 2,39.33%,2.77%,30–50%,30–50%,"""MH Bag 3 May 14, 2026""",Outside,Outside,1,1,100.0%,91%,Match,3,Slow,Normal,6 / 7.8 / 10,22 / 25.9 / 30,-1,-1,Stable,74.8%,Edge,,Drifting,Mid,Check Other Factors,1,Review manually,No change,,,Outside,17.9,-0.9,-1.0,Moderate Drop,30–50% → Drop,Moderate,0.9,Consider 0.3 sec top-up,1.1
2026-05-19 3:15am,3,,2.20,,8.1,16.8,18.1,18.0,0.5,1.3,0.1,-18.1,,,Under → Top-Up,1.3,-1,94,8,30,26,33.9,1.88,checked,9.25,9.25,0.00,9.25,checked,,checked,,,Dialed In,"Balanced,Chocolate Forward",Good,Daily Driver,Balanced,1,1,"Balanced and highly integrated espresso with even caramel and chocolate presence supported by clean, pleasant acidity on intake that cleared smoothly without lingering sourness. Became increasingly enjoyable as it cooled, revealing improved harmony, drinkability, and overall coherence with each sip. Structurally complete and comfortably expressive without pushing into overpowering bittersweet intensity, delivering a sustainable and highly satisfying daily-driver style profile with strong long-term drinkability.",9.25,,2026-05-10,Phase 2,33.20%,2.77%,30–50%,30–50%,"""MH Bag 3 May 14, 2026""",Center,Center,3,3,100.0%,99%,Match,4,Slow,Normal,6 / 7.8 / 10,22 / 25.9 / 30,0,0,Stable,96.0%,Elite,Target,Stable,Mid,,0,Low hopper but stable — no change,No change,Update Bag Scale Range,,Outside,17.9,-1.2,0.0,Severe Drop,30–50% → Drop,Severe,1.2,Consider 0.3 sec top-up,0.8
2026-05-19 1:45pm,3,,2.20,,8.1,17.3,18.5,18.0,0.4,1.2,0.5,-18.5,,,Under → Top-Up,1.2,-1,94,8,28,25,34.7,1.93,checked,10.00,10.00,0.00,10.00,checked,,checked,,,Dialed In,"Chocolate Forward,Integrated",Good,Daily Driver,Bittersweet,1,1,"Exceptionally expressive espresso dominated by intense dark chocolate and integrated bittersweet cacao structure reminiscent of premium high-cacao chocolate. Presented an almost burnt-like dark cocoa edge similar to very dark chocolate bars, supported by stronger but clean-clearing acidity that enhanced the structure without becoming sour or harsh. Powerful, emotionally engaging, and highly drinkable with outstanding balance between intensity, bitterness, acidity, and saturation, creating a quintessential daily-driver espresso experience.",10.00,,2026-05-10,Phase 2,27.17%,2.77%,15–30%,30–50%,"""MH Bag 3 May 14, 2026""",Center,Center,3,3,100.0%,91%,Match,3,Slow,Normal,6 / 7.8 / 10,22 / 25.9 / 30,-1,-1,Stable,97.3%,Elite,Target,Stable,Low,,1,Low hopper but stable — no change,No change,Update Bag Scale Range,,Outside,17.9,-0.7,0.0,Moderate Drop,15–30% → Drop,Moderate,0.7,Consider 0.3 sec top-up,1.3
2026-05-20 2:40am,3,,2.20,,8.1,16.6,18.5,18.0,0.6,1.9,0.5,-18.5,,,Under → Top-Up,1.9,-1,94,8,30,24,34.4,1.91,checked,7.50,7.00,0.50,7.20,checked,,,,,Good,"Balanced,Boring",Good,,,0,1,,7.50,,2026-05-10,Phase 2,21.00%,2.77%,15–30%,30–50%,"""MH Bag 3 May 14, 2026""",Outside,Center,3,1,33.0%,81%,Mismatch,6,Slow,Normal,6 / 7.8 / 10,22 / 25.9 / 30,-2,-2,Watch,68.4%,Edge,,Drifting,Low,Likely Hopper Effect,2,Correct — add +0.1 to +0.2 sec or refill hopper,Review manually,,,Outside,17.9,-1.4,0.0,Severe Drop,15–30% → Drop,Severe,1.4,Consider 0.3 sec top-up,0.6
2026-05-20 11:35am,3,,2.20,,8.1,17.5,18.1,18.0,0.2,0.6,0.1,-18.1,,,Under → Top-Up,0.6,-1,94,11,33,26,34.5,1.92,,,,,,,checked,,,,Good,"Balanced,Boring",Good,Guest Worthy,Balanced,0,1,"Coffee made for Lori, my wife, it tasted lifeless, boring you could say however she enjoyed it so that it all that matters",,,2026-05-10,Phase 2,14.83%,2.77%,0–15%,15–30%,"""MH Bag 3 May 14, 2026""",Outside,Outside,1,1,100.0%,99%,Match,7,Slow,Normal,6 / 7.8 / 10,22 / 25.9 / 30,0,0,Stable,,,,,Very Low,,0,Review manually,No change,,,Outside,17.7,-0.5,0.0,Moderate Drop,0–15% → Drop,Moderate,0.5,Consider 0.2 sec top-up,1.5
2026-05-20 11:45am,3,,2.20,,8.1,16.7,18.1,18.0,0.5,1.4,0.1,-18.1,,,Under → Top-Up,1.4,-1,94,5,28,26,34.9,1.94,checked,8.00,7.00,1.00,7.40,checked,,,,,Good,"Caramel Rich,Intense",Good,,,0,1,,8.00,,2026-05-10,Phase 2,8.80%,2.77%,0–15%,15–30%,"""MH Bag 3 May 14, 2026""",Edge,Center,3,2,67.0%,99%,Mismatch,2,Slow,Normal,6 / 7.8 / 10,22 / 25.9 / 30,0,0,Stable,83.1%,Good,,Watch,Very Low,,0,"Watch — if grinder output drops, add +0.1 sec",No change,,,Outside,17.7,-1.3,0.0,Severe Drop,0–15% → Drop,Severe,1.3,Consider 0.3 sec top-up,0.7
2026-05-21 3:45am,3,,,,,,,,,,,300.0,,300.0,None,,,,,,,,,,,,,,,,,,,Hopper Refill,,Hopper Refill,,,0,,,,,2026-05-10,Phase 3,100.00%,3.83%,75–100%,75–100%,"""MH Bag 3 May 21, 2026""",,Outside,1,,67.0%,,,,,,6 / 7.8 / 10,22 / 25.9 / 30,,,,,,,,High,,,No hopper correction,Review manually,,,Outside,18.0,,,,,,,,
2026-05-21 4:00am,3,,2.20,,8.1,16.3,18.3,18.0,0.6,2.0,0.3,-18.3,,,Under → Top-Up,2.0,-2,94,6,28,28,34.9,1.94,checked,9.00,9.00,0.00,9.00,checked,,checked,,,Dialed In,"Chocolate Forward,Balanced",Good,Guest Worthy,Balanced Comfort,0,1,"Post-refill Hopper Phase 3 shot displaying highly refined and balanced extraction behavior with excellent drinkability and very clean finish. Initial presentation suggested slightly restrained saturation just above hollow territory, but cooling substantially improved integration and overall coherence. Light acidity remained clean, pleasant, and non-intrusive throughout. Body settled into a highly comfortable range between muted restraint and excessive saturation, producing a sustainable daily-driver style espresso with near-reference-shot quality. Lacked only a slight additional layer of emotional intensity/oomph to fully reach peak expressive reference territory while remaining exceptionally easy and enjoyable to drink.",9.00,This is the shot I would serve to guests,2026-05-10,Phase 3,100.00%,3.83%,75–100%,75–100%,"""MH Bag 3 May 21, 2026""",Center,Center,3,3,100.0%,79%,Match,0,Slow,Normal,6 / 7.8 / 10,22 / 25.9 / 30,2,2,Adjust — Grind coarser,88.7%,Great,Target,Watch,High,,0,No hopper correction,Grind coarser,,,Outside,18.0,-1.7,0.0,Severe Drop,75–100% → Drop,Severe,1.7,Consider 0.3 sec top-up,0.3
2026-05-21 12:00pm,3,,2.20,,8.1,16.9,34.1,18.0,8.1,17.2,16.1,-34.1,,,Under → Top-Up,17.2,-1,94,10,34,28,33.5,1.86,checked,8.50,8.50,0.00,8.50,checked,,,,,Good,"Chocolate Forward,Integrated",Good,,,0,1,"Accidental second 8.1-second grind due to grinder mode error while grinding into dosing cup. Despite workflow error, final extraction structure remained highly stable with balanced and refined cup quality. Presented as a highly drinkable comfort-style espresso with clean-clearing acidity and strong integration. Slightly below full reference intensity/oomph but remained very enjoyable and sustainable to drink.",8.50,,2026-05-10,Phase 3,93.90%,3.83%,75–100%,75–100%,"""MH Bag 3 May 21, 2026""",Center,Center,3,3,100.0%,79%,Match,6,Slow,Normal,6 / 7.8 / 10,22 / 25.9 / 30,2,2,Adjust — Grind coarser,86.2%,Great,Target,Watch,High,,0,No hopper correction,Grind coarser,,,Sweet Zone,18.0,-1.1,0.0,Severe Drop,75–100% → Drop,Severe,1.1,Consider 0.3 sec top-up,0.9
2026-05-22 4:30am,3,,2.20,,8.1,17.1,18.3,18.0,0.4,1.2,0.3,-18.3,,,Under → Top-Up,1.2,-1,94,9,34,28,33.8,1.88,checked,9.50,9.50,0.00,9.50,checked,,checked,,,Dialed In,"Balanced,Chocolate Forward",Good,Daily Driver,Refined Dynamic,1,1,"Post-refill Hopper Phase 3 shot displaying highly refined and balanced extraction behavior with excellent drinkability and clean finish. Presented with controlled liveliness and comfortable saturation level while remaining expressive enough to approach true reference-shot territory. Cooling improved integration significantly, producing a polished and sustainable daily-driver style espresso with excellent clarity and low fatigue.",9.50,,2026-05-10,Phase 3,82.53%,3.83%,75–100%,75–100%,"""MH Bag 3 May 21, 2026""",Center,Center,3,3,100.0%,79%,Match,6,Slow,Normal,6 / 7.8 / 10,22 / 25.9 / 30,2,2,Adjust — Grind coarser,91.2%,Great,Target,Watch,High,,0,No hopper correction,Grind coarser,,,Sweet Zone,18.0,-0.9,0.0,Moderate Drop,75–100% → Drop,Moderate,0.9,Consider 0.3 sec top-up,1.1
2026-05-23 5:30am,3,,2.20,,8.1,18.0,18.0,18.0,,,,-18.0,,,None,,0,94,10,36,28,34.5,1.92,checked,9.25,9.00,0.25,9.10,checked,,checked,,,Dialed In,"Balanced,Dynamic",Good,Guest Worthy,Refined Dynamic,0,1,"Highly refined and dynamically balanced espresso displaying excellent structural integration and polished drinkability. Chocolate-forward foundation supported by clean, controlled liveliness and very comfortable body saturation. Presented as a highly coherent comfort-reference style shot with no sourness or bitterness, clearing exceptionally cleanly throughout cooling. Maintained expressive character without pushing into excessive intensity, landing near the center of the preferred taste zone with strong long-term drinkability and guest-worthy balance. Cooling further improved refinement and overall composure, reinforcing this shot as a sustainable high-end reference example for the current bag and Hopper Phase 3 behavior.",9.25,,2026-05-10,Phase 3,76.43%,3.83%,75–100%,75–100%,"""MH Bag 3 May 21, 2026""",Center,Center,3,3,100.0%,79%,Match,8,Slow,Normal,6 / 7.8 / 10,22 / 25.9 / 30,2,2,Adjust — Grind coarser,90.0%,Great,Target,Watch,High,,0,No hopper correction,Grind coarser,,,Sweet Zone,18.0,0.0,0.0,,,,0.0,,2.0
2026-05-23 4:30pm,3,,2.20,,8.1,17.3,18.5,18.0,0.4,1.2,0.5,-18.5,,,Under → Top-Up,1.2,-1,94,9,31,25,33.3,1.85,checked,5.00,3.00,2.00,3.80,checked,,,,,Good,"Slightly Under-Finished,Chocolate Forward",Good,,,0,1,"Final Interpretation — Under-Finished / Sour-Dominant Cooling Collapse

Initially strong, chocolate-forward, and highly saturated with elevated tannic grip. Cooling exposed persistent sourness and incomplete sweetness integration as body receded. Likely finished slightly early relative to slower 9-second first-pour behavior and concentrated 33.3 g yield. Structurally coherent but ultimately outside preferred balance zone.",5.00,,2026-05-10,Phase 3,70.43%,3.83%,50–75%,50–75%,"""MH Bag 3 May 21, 2026""",Outside,Outside,1,1,100.0%,91%,Match,6,Slow,Normal,6 / 7.8 / 10,22 / 25.9 / 30,-1,-1,Stable,72.3%,Edge,,Drifting,Mid-High,Check Other Factors,0,No hopper correction,No change,,,Outside,18.0,-0.7,0.0,Moderate Drop,50–75% → Drop,Moderate,0.7,Consider 0.3 sec top-up,1.3
2026-05-24 5:00am,3,,2.20,,8.1,17.2,18.3,18.0,0.4,1.1,0.3,-18.3,,,Under → Top-Up,1.1,-1,94,10,33,27,34.9,1.94,checked,9.50,9.50,0.00,9.50,checked,,checked,,,Dialed In,"Chocolate Forward,Integrated",Good,Daily Driver,Chocolate Leaning,1,1,"Slower 10-second first-pour shot successfully compensated with extended finish timing and higher 34.9 g yield, producing a highly integrated and chocolate-rich daily-driver espresso. Strong body and saturation remained balanced by clean-clearing acidity and excellent structural cohesion. Maintained refinement and drinkability throughout cooling without collapsing into sourness or excessive tannic heaviness. Excellent example of successful live flow-aware yield compensation within the developing coffee forecasting model.",9.50,,2026-05-10,Phase 3,64.27%,3.83%,50–75%,50–75%,"""MH Bag 3 May 21, 2026""",Center,Center,3,3,100.0%,89%,Match,6,Slow,Normal,6 / 7.8 / 10,22 / 25.9 / 30,1,1,Watch,94.2%,Elite,Target,Stable,Mid-High,,0,No hopper correction,Review manually,,,Outside,18.0,-0.8,0.0,Moderate Drop,50–75% → Drop,Moderate,0.8,Consider 0.3 sec top-up,1.2
2026-05-25 4:30am,3,,2.20,,8.1,17.0,18.4,18.0,0.4,1.4,0.4,-18.4,,,Under → Top-Up,1.4,-1,94,6,31,30,35.6,1.98,checked,10.00,10.00,0.00,10.00,checked,,checked,,,Dialed In,"Dynamic,Integrated",Good,Dynamic Complexity,Refined Dynamic,0,1,"Early 6-second opening combined with extended 35.6 g finish produced a structurally complete and exceptionally refined espresso with outstanding integration and sustained cooling evolution. Light dark chocolate character developed into elegant 50–60% cocoa-style tannin structure supported by clean, integrated acidity that enhanced rather than distracted from the cup. Acidity evolved into refined chocolate tension during cooling, maintaining liveliness and preventing saturation fatigue while deepening overall complexity and drinkability. Shot became progressively more complete and emotionally engaging as it cooled, ultimately revealing itself as a true reference-level Refined Dynamic espresso and one of the strongest shots of the bag so far.",10.00,,2026-05-10,Phase 3,58.17%,3.83%,50–75%,50–75%,"""MH Bag 3 May 21, 2026""",Center,Center,3,3,100.0%,59%,Match,1,Slow,Normal,6 / 7.8 / 10,22 / 25.9 / 30,4,4,Adjust — Grind coarser,87.7%,Great,Target,Drifting,Mid-High,Check Other Factors,2,No hopper correction,Grind coarser,,,Outside,18.0,-1.0,0.0,Severe Drop,50–75% → Drop,Severe,1.0,Consider 0.3 sec top-up,1.0
2026-05-25 12:00pm,3,,2.20,,8.1,17.1,18.3,18.0,0.4,1.2,0.3,-18.3,,,Under → Top-Up,1.2,-1,94,6,29,27,35.4,1.97,checked,7.00,6.00,1.00,6.40,checked,,,,,Good,"Fully-Extracted,Over-Saturated",Good,,,0,1,"Early 6-second opening and extended 35.4 g finish produced a structurally complete and refined espresso with integrated chocolate and clean acidity. Light dark chocolate character remained balanced and dynamic with elegant cocoa-style tension during cooling. Shot maintained excellent structural integrity and refinement throughout, but overall saturation and intensity landed slightly above the ideal personal preference zone compared to the earlier 10/10 reference shot. Stronger presentation appeared preference-related rather than under-finished or imbalanced.",7.00,,2026-05-10,Phase 3,52.03%,3.83%,50–75%,50–75%,"""MH Bag 3 May 21, 2026""",Edge,Center,3,2,67.0%,89%,Mismatch,2,Slow,Normal,6 / 7.8 / 10,22 / 25.9 / 30,1,1,Watch,75.1%,Good,,Watch,Mid-High,,1,No hopper correction,Review manually,,,Outside,18.0,-0.9,0.0,Moderate Drop,50–75% → Drop,Moderate,0.9,Consider 0.3 sec top-up,1.1
2026-05-26 4:25am,3,,2.20,,8.1,17.5,18.3,18.0,0.3,0.8,0.3,-18.3,,,Under → Top-Up,0.8,-1,94,7,27,25,35.8,1.99,checked,9.50,9.00,0.50,9.20,checked,,checked,,,Dialed In,"Dynamic,Acidity Forward",Good,Guest Worthy,Bright Leaning,0,1,,9.50,,2026-05-10,Phase 3,45.93%,3.83%,30–50%,30–50%,"""MH Bag 3 May 21, 2026""",Center,Center,3,3,100.0%,91%,Match,2,Slow,Normal,6 / 7.8 / 10,22 / 25.9 / 30,-1,-1,Stable,94.8%,Elite,Target,Stable,Mid,,0,Low hopper but stable — no change,No change,Update Bag Scale Range,,Outside,17.9,-0.5,0.0,Moderate Drop,30–50% → Drop,Moderate,0.5,Consider 0.2 sec top-up,1.5
2026-05-26 1:30pm,3,,2.20,,,,,,,,,-31.0,31.0,,None,,,,,,,,,,,,,,,,,,,Fault,,"Fault,Grinder Jam",,,0,,"Grinder Recovery Event — Hopper Jam

* hopper jam
* vacuum cleanout
* Loosened grind setting
* Purged 30 while returning to 2.2 setting
* fast recovery shot ( will be next recorded shot )
* after first recorded shot after this record, I tightened to 2.1
* 4.3 g coffee loss while tightening grind to 2.1",,,2026-05-10,Phase 3,39.83%,3.83%,30–50%,30–50%,"""MH Bag 3 May 21, 2026""",,Outside,1,,67.0%,,,,,,6 / 7.8 / 10,22 / 25.9 / 30,,,,,,,,Mid,,,Review manually,Review manually,,,Outside,17.9,,,,,,,,
2026-05-26 1:40pm,3,,2.20,,8.1,17.1,18.5,18.0,0.4,1.4,0.5,-18.5,,,Under → Top-Up,1.4,-1,94,6,20,20,35.7,1.98,,,,,,,,,,,Recovery/Transitional,,Fault,,,0,,"Lightly tasted, nothing seemed wrong with it however did not bother finishing it as I knew another shot would be necessary as this one was way too fast",,,2026-05-10,Phase 3,29.50%,3.83%,15–30%,15–30%,"""MH Bag 3 May 21, 2026""",,Outside,1,,67.0%,41%,,0,Slow,Fast,6 / 7.8 / 10,22 / 25.9 / 30,-6,-6,Adjust — Grind finer,,,,,Low,,4,Review manually,Grind finer,,,Outside,17.7,-0.9,0.0,Moderate Drop,15–30% → Drop,Moderate,0.9,Consider 0.3 sec top-up,1.1
2026-05-26 1:50pm,3,,2.10,checked,8.1,16.8,18.0,18.0,0.4,1.2,,-22.3,4.3,,Under → Top-Up,1.2,-1,94,6,22,22,36.1,2.01,,,,,,,,,,,Recovery/Transitional,,Fault,,,0,,"Had to adjust grind down to 2.1 as 2,2 was not tight enough anymore after grinder jam.",,,2026-05-10,Phase 3,23.33%,3.83%,15–30%,15–30%,"""MH Bag 3 May 21, 2026""",,Outside,1,,67.0%,61%,,0,Slow,Normal,6 / 7.8 / 10,22 / 25.9 / 30,-4,-4,Adjust — Grind finer,,,,,Low,,3,Review manually,Grind finer,,,Outside,17.7,-1.2,0.0,Severe Drop,15–30% → Drop,Severe,1.2,Consider 0.3 sec top-up,0.8
2026-05-26 4:30pm,3,,2.20,,8.1,16.8,18.0,18.0,0.6,1.2,,-18.0,,,Under → Top-Up,1.2,-1,94,8,26,24,35.2,1.96,,,,,,,checked,,,,Good,,Good,,,0,1,,,,2026-05-10,Phase 3,15.90%,3.83%,15–30%,15–30%,"""MH Bag 3 May 21, 2026""",,Outside,1,,67.0%,81%,,2,Slow,Normal,6 / 7.8 / 10,22 / 25.9 / 30,-2,-2,Watch,,,,,Low,,2,Review manually,Review manually,,,Outside,17.7,-1.2,0.0,Severe Drop,15–30% → Drop,Severe,1.2,Consider 0.3 sec top-up,0.8
2026-05-27 4:10am,3,,2.10,,8.1,16.2,18.2,18.2,0.6,2.0,,-18.2,,,Under → Top-Up,2.0,-2,94,9,30,25,35.4,1.95,checked,9.00,8.00,1.00,8.40,checked,,checked,,,Dialed In,"Boring,Balanced",Good,Guest Worthy,Balanced Comfort,0,1,Pretty good shot however not my cup of tea. If I made this for a guest I would be pleased,9.00,,2026-05-10,Phase 3,9.90%,3.83%,0–15%,0–15%,"""MH Bag 3 May 21, 2026""",Center,Center,3,3,100.0%,91%,Match,5,Slow,Normal,6 / 7.8 / 10,22 / 25.9 / 30,-1,-1,Stable,92.3%,Elite,Target,Stable,Very Low,,1,Low hopper but stable — no change,No change,Update Bag Scale Range,,Outside,17.9,-1.8,0.2,Severe Drop,0–15% → Drop,Severe,1.8,Consider 0.3 sec top-up,0.2
2026-05-27 4:20am,3,,,,,,,,,,,103.9,,103.9,None,,,,,,,,,,,,,,,,,,,Hopper Refill,,Hopper Refill,,,0,,,,"Added remainder of beans, 103.9 grams to hopper. Now in Hopper End of Bag Phase",2026-05-10,End of Bag,100.00%,-9.43%,75–100%,75–100%,"""MH Bag 3 May 27, 2026""",,Outside,1,,67.0%,,,,,,6 / 7.8 / 10,22 / 25.9 / 30,,,,,,,,High,,,No hopper correction,Review manually,,,Outside,18.0,,,,,,,,
2026-05-27 11:30am,3,,2.10,,8.1,16.7,33.8,18.0,8.1,17.1,15.8,-33.8,,,Under → Top-Up,17.1,-1,94,7,33,31,34.8,1.93,,,,,,,,,,,Recovery/Transitional,,Fault,,,0,,,,,2026-05-10,End of Bag,100.00%,-9.43%,75–100%,75–100%,"""MH Bag 3 May 27, 2026""",,Outside,1,,67.0%,49%,,2,Slow,Slow,6 / 7.8 / 10,22 / 25.9 / 30,5,5,Adjust — Grind coarser,,,,,High,,0,No hopper correction,Grind coarser,,,Outside,18.0,-1.3,0.0,Severe Drop,75–100% → Drop,Severe,1.3,Consider 0.3 sec top-up,0.7
2026-05-28 4:00am,3,,2.10,,8.1,16.4,18.7,18.0,0.5,2.3,0.7,-18.7,,,Under → Top-Up,2.3,-2,94,8,29,25,35.9,1.99,checked,9.75,9.50,0.25,9.60,checked,,checked,,,Dialed In,"No Puck Screen,Acidity Forward,Bright Expression",Good,Guest Worthy,Bright Leaning,0,1,"Very good shot with a noticeably distinct sensory profile unlike previous shots from this bag. Difference may be related to omission of puck screen, which likely changed water dispersion, puck surface interaction, flow character, and mouthfeel. Shot remained coherent and enjoyable, but should be tagged separately from normal puck-screen reference shots because prep method differed from standard workflow.",9.75,,2026-05-10,End of Bag,67.47%,-9.43%,50–75%,50–75%,"""MH Bag 3 May 27, 2026""",Center,Center,3,3,100.0%,91%,Match,4,Slow,Normal,6 / 7.8 / 10,22 / 25.9 / 30,-1,-1,Stable,96.1%,Elite,Target,Stable,Mid-High,,0,No hopper correction,No change,Update Bag Scale Range,,Outside,18.0,-1.6,0.0,Severe Drop,50–75% → Drop,Severe,1.6,Consider 0.3 sec top-up,0.4
2026-05-28 11:30am,3,,2.10,,8.1,16.2,18.0,18.0,0.6,1.8,,-18.0,,,Under → Top-Up,1.8,-2,94,8,30,25,35.1,1.95,checked,9.20,8.50,0.70,8.78,checked,,checked,,,Dialed In,"Caramel Forward,Palate Loading,Saturation Building",Good,Boundary Shot,Rich Integrated,0,1,"Initially presented as an excellent Daily Driver style espresso with balanced caramel sweetness and integrated structure. As the shot progressed, caramel saturation and in-mouth intensity accumulated sip-by-sip, creating increasing palate load despite maintaining a clean-clearing finish. Extraction remained structurally coherent and refined, but cumulative saturation eventually exceeded ideal comfort balance near the end of the cup. Strong example of progressive palate-loading intensity rather than structural imbalance or under-extraction.",9.20,,2026-05-10,End of Bag,49.47%,-9.43%,30–50%,30–50%,"""MH Bag 3 May 27, 2026""",Edge,Center,3,2,67.0%,91%,Mismatch,5,Slow,Normal,6 / 7.8 / 10,22 / 25.9 / 30,-1,-1,Stable,86.7%,Great,Target,Stable,Mid,,0,Low hopper but stable — no change,No change,Update Bag Scale Range,,Outside,17.9,-1.8,0.0,Severe Drop,30–50% → Drop,Severe,1.8,Consider 0.3 sec top-up,0.2
2026-05-29 4:30am,3,,2.10,,8.1,17.1,18.4,18.0,0.4,1.3,0.4,-18.4,,,Under → Top-Up,1.3,-1,94,6,32,29,35.1,1.95,checked,9.25,9.50,-0.25,9.40,checked,,checked,,,Dialed In,"Chocolate Forward,Integrated,Balanced",Good,"Guest Worthy,Daily Driver",Balanced Comfort,1,1,"Well-balanced and approachable espresso with integrated chocolate sweetness, clean-clearing finish, and broad appeal. Lacked the complexity and evolution of the highest-rated reference shots but compensated with exceptional drinkability and consistency. Represents the type of espresso most guests would expect when served a high-quality coffee, making it both an excellent Daily Driver and Guest Worthy reference profile. Strong example of a successful comfort-oriented extraction that remains refined without becoming boring or overly intense. As well as this the first pour as a note had ticked to 7 just after then first pour started to drip",9.25,,2026-05-10,End of Bag,32.15%,-9.43%,30–50%,30–50%,"""MH Bag 3 May 27, 2026""",Center,Center,3,3,100.0%,69%,Match,3,Slow,Normal,6 / 7.8 / 10,22 / 25.9 / 30,3,3,Adjust — Grind coarser,86.9%,Great,Target,Drifting,Mid,Check Other Factors,2,Review manually,Grind coarser,,,Outside,17.9,-0.9,0.0,Moderate Drop,30–50% → Drop,Moderate,0.9,Consider 0.3 sec top-up,1.1
2026-05-30 4:30am,3,,2.10,,,,,,,,,-24.8,24.8,,None,,,,,,,,,,,,,,,,,,,Maintenance - Grinder,Backflush w Cafiza,Maintenance - Grinder,,,0,,End of Bag grind out process andVacuumed out chute. Backwashed with Cafiza and and washed poratfilter 30 minutes in cafiza. Full Backflush,,,2026-05-10,Grinder Cleanout,14.44%,-9.43%,0–15%,0–15%,"""MH Bag 3 May 27, 2026""",,Outside,1,,67.0%,,,,,,6 / 7.8 / 10,22 / 25.9 / 30,,,,,,,,Very Low,,,Review manually,Review manually,,,Outside,17.9,,,,,,,,
2026-05-30 5:00am,4,,,,,,,,,,,300.0,,300.0,None,,,,,,,,,,,,,,,,,,,Hopper Refill,,"New Bag of Beans,Hopper Refill",,,0,,"Start New Hopper Process
Fill hopper w 300 grams 
",,,2026-05-30,Phase 1,100.00%,6.30%,75–100%,75–100%,"""MH Bag 4 May 30, 2026""",,Outside,1,,67.0%,,,,,,5 / 6.8 / 9,21 / 23.1 / 26,,,,,,,,High,,,No hopper correction,Review manually,,,Outside,18.0,,,,,,,,
2026-05-30 5:30am,4,,,,,,,,,,,-50.3,50.3,,None,,,,,,,,,,,,,,,,,,,Dial In Process,,Transition / Dial-In,,,0,,"Start setting of 2.66 
Grind 18.9 grams
Time of 7 sec 
14.8 g go with base 8 sec
1 sec for 3.8 grams
Looks much denser
6
23
22
35.3
3 sec for 7.5 and down to 2.5
6
25
23
35.3
5.3 at 2 sec to go to 2.33 setting ",,,2026-05-30,Phase 1,100.00%,6.30%,75–100%,75–100%,"""MH Bag 4 May 30, 2026""",,Outside,1,,67.0%,,,,,,5 / 6.8 / 9,21 / 23.1 / 26,,,,,,,,High,,,No hopper correction,Review manually,,,Outside,18.0,,,,,,,,
2026-05-30 6:30am,4,,2.33,,8.1,18.3,18.3,18.0,,,0.3,-18.3,,,Over → Trim,0.3,0,94,7,29,26,35.4,1.97,checked,7.50,8.00,-0.50,7.80,,,,,,Good,,Good,,,0,1,First successful dial-in shot. Balanced and enjoyable. Bright acidity consistent with DeLucas Costa Rica profile. Slight carbonic/fuzzy character likely due to freshness (estimated 3–5 days post-roast). Rich body beginning to emerge at 29-second extraction. Remained pleasant after cooling.,7.50,,2026-05-30,Phase 1,83.23%,6.30%,75–100%,75–100%,"""MH Bag 4 May 30, 2026""",Center,Center,3,3,100.0%,71%,Match,3,Slow,Normal,5 / 6.8 / 9,21 / 23.1 / 26,3,3,Adjust — Grind coarser,78.8%,Good,,Watch,High,,0,No hopper correction,Grind coarser,,,Outside,18.0,0.3,0.0,Normal,75–100% → Stable,Stable,-0.3,,2.3
2026-05-30 7:50am,4,,2.33,,8.1,18.3,18.3,18.0,,,0.3,-18.3,,,Over → Trim,0.3,0,94,10,35,28,35.0,1.94,,,,,,,checked,,,,Good,,Good,,,0,1,Lori found the coffee too strong and reported facial flushing. This appears consistent with her normal response to coffee and should not be interpreted as a shot-quality issue. Reviewer (Carl) found the shot acceptable and balanced.,,,2026-05-30,Phase 1,77.13%,6.30%,75–100%,75–100%,"""MH Bag 4 May 30, 2026""",Center,Outside,1,3,33.0%,51%,Mismatch,7,Slow,Slow,5 / 6.8 / 9,21 / 23.1 / 26,5,5,Adjust — Grind coarser,,,,,High,,1,No hopper correction,Grind coarser,,,Sweet Zone,18.0,0.3,0.0,Normal,75–100% → Stable,Stable,-0.3,,2.3
2026-05-30 2:00pm,4,,2.33,,8.1,17.8,18.4,18.0,0.2,0.6,0.4,-18.4,,,Under → Top-Up,0.6,-0,94,9,30,25,35.8,1.99,checked,,,,,,checked,,,,Good,I Tasted,Good,,,0,1,"For Anthony, He really enjoyed the coffee and said it was not bitter at all and very good and could taste things he wasn't expecting to be able to taste.",,,2026-05-30,Phase 1,71.03%,6.30%,50–75%,50–75%,"""MH Bag 4 May 30, 2026""",,Outside,1,,67.0%,81%,,5,Slow,Normal,5 / 6.8 / 9,21 / 23.1 / 26,2,2,Watch,,,,,Mid-High,,1,No hopper correction,Review manually,,,Outside,18.0,-0.2,0.0,Normal,50–75% → Stable,Stable,0.2,No top-up,1.8
2026-05-30 2:15pm,4,,2.33,,8.1,17.6,18.2,18.0,0.2,0.6,0.2,-30.3,12.1,,Under → Top-Up,0.6,-0,94,10,29,26,35.1,1.95,checked,9.00,7.00,2.00,7.80,checked,,,,,Good,"Acidity Forward,Bright Expression","Good,Grinder Jam",,,0,1,My first shot after bag change. Unfortunately I had a grinder jam event of it took 12.1 grams to clear out. The coffee was high acidity via brightness forward. Not meh cup of tea however every sip was refreshing and cleared very nicely with no remaining residue or build and never turned sour,9.00,,2026-05-30,Phase 1,64.90%,6.30%,50–75%,50–75%,"""MH Bag 4 May 30, 2026""",Outside,Center,3,1,33.0%,71%,Mismatch,3,Slow,Normal,5 / 6.8 / 9,21 / 23.1 / 26,3,3,Adjust — Grind coarser,72.9%,Edge,,Drifting,Mid-High,Check Other Factors,1,No hopper correction,Grind coarser,,,Outside,18.0,-0.4,0.0,Normal,50–75% → Stable,Stable,0.4,Consider 0.2 sec top-up,1.6
2026-05-31 5:00am,4,,2.33,,8.1,18.5,18.5,18.0,,,0.5,-18.5,,,Over → Trim,0.5,1,94,8,29,26,34.4,1.91,checked,9.50,9.50,0.00,9.50,checked,,checked,,,Dialed In,"Balanced,Caramel Forward",Good,"Guest Worthy,Daily Driver",Caramel Leaning,1,1,"Intentional lower-yield extraction to explore the Costa Rica’s flavor boundaries. Taste is exceptional, much more preferred. Nicely balanced taste, light syrupy taste with caramel edging ahead. This is the shot that would satisfy alot of guests I am positive
",9.50,,2026-05-30,Phase 1,54.80%,6.30%,50–75%,50–75%,"""MH Bag 4 May 30, 2026""",Center,Center,3,3,100.0%,71%,Match,3,Slow,Normal,5 / 6.8 / 9,21 / 23.1 / 26,3,3,Adjust — Grind coarser,88.8%,Great,Target,Watch,Mid-High,,1,No hopper correction,Grind coarser,,,Outside,18.0,0.5,0.0,Normal,50–75% → Stable,Stable,-0.5,,2.5
2026-05-31 1:00pm,4,,2.33,,8.1,17.9,18.5,18.0,0.2,0.6,0.5,-18.5,,,Under → Top-Up,0.6,-0,,,,,,,,,,,,,,,,,Fault,,Fault,,,0,,accidentally dumped when moving around.,,,2026-05-30,Phase 1,48.63%,6.30%,30–50%,30–50%,"""MH Bag 4 May 30, 2026""",,Outside,1,,67.0%,,,,,,5 / 6.8 / 9,21 / 23.1 / 26,,,,,,,,Mid,,,Review manually,Review manually,,,Outside,17.9,-0.1,0.0,Normal,30–50% → Stable,Stable,0.1,No top-up,1.9
2026-05-31 1:30pm,4,,2.33,,8.1,17.7,35.5,18.0,8.1,17.8,17.5,-35.5,,,Under → Top-Up,17.8,-0,94,7,24,21,34.5,1.92,checked,9.50,9.50,0.00,9.50,checked,,checked,,,Dialed In,"Comfort-Oriented,Caramel Forward",Good,"Guest Worthy,Daily Driver",Caramel Leaning,1,1,"Very good coffee, light finish. Caramel forward, very pleasant.",9.50,,2026-05-30,Phase 1,42.47%,6.30%,30–50%,30–50%,"""MH Bag 4 May 30, 2026""",Center,Center,3,3,100.0%,79%,Match,3,Slow,Normal,5 / 6.8 / 9,21 / 23.1 / 26,-2,-2,Adjust — Grind finer,91.2%,Great,Target,Watch,Mid,,1,"Watch — if grinder output drops, add +0.1 sec",Grind finer,,,Outside,17.9,-0.3,0.0,Normal,30–50% → Stable,Stable,0.3,Consider 0.2 sec top-up,1.7
2026-06-01 5:00am,4,,2.33,,8.1,18.0,18.0,18.0,,,,-18.0,,,None,,0,94,6,25,23,35.1,1.95,checked,9.50,9.80,-0.30,9.68,checked,,checked,,,Dialed In,"Comfort-Oriented,Chocolate Forward",Good,"Daily Driver,Guest Worthy",Cacao-Nut,1,1,Well-balanced espresso with increased tannin structure and presence compared to the previous shot. Added grip and depth enhanced the cup without creating bitterness or palate fatigue. Tannins contributed positively to the profile and were accompanied by an exceptionally clean finish that reset the palate after each sip. Excellent Daily Driver and Guest Worthy style shot demonstrating that the Costa Rica can support additional structure while remaining highly approachable.,9.50,,2026-05-30,Phase 1,30.63%,6.30%,30–50%,30–50%,"""MH Bag 4 May 30, 2026""",Center,Center,3,3,100.0%,99%,Match,2,Slow,Normal,5 / 6.8 / 9,21 / 23.1 / 26,-0,-0,Stable,97.2%,Elite,Target,Stable,Mid,,0,Low hopper but stable — no change,No change,Update Bag Scale Range,,Outside,17.9,0.0,0.0,,,,0.0,,2.0
2026-06-01 11:30am,4,,2.33,,8.1,18.4,18.4,18.0,,,0.4,-18.4,,,Over → Trim,0.4,0,94,7,25,24,35.4,1.97,checked,7.00,6.00,1.00,6.40,checked,,,,,Good,Hollow,Dose Uncertainty,,,0,,"Shot initially tasted good but developed an off sourness as it cooled. Dose accuracy is uncertain because the intended 0.4 g trim did not register cleanly on the scale until 0.3 g, making actual basket dose uncertain. Cooling sourness may reflect dose/measurement error rather than a reliable Costa Rica extraction pattern. Use as observational data, not a reference shot.",7.00,,2026-05-30,Phase 1,24.63%,6.30%,15–30%,15–30%,"""MH Bag 4 May 30, 2026""",Outside,Center,3,1,33.0%,91%,Mismatch,1,Slow,Normal,5 / 6.8 / 9,21 / 23.1 / 26,1,1,Stable,68.9%,Edge,,Drifting,Low,Likely Hopper Effect,1,Correct — add +0.1 to +0.2 sec or refill hopper,No change,,,Outside,17.7,0.4,0.0,Normal,15–30% → Stable,Stable,-0.4,,2.4
2026-06-02 4:00am,4,,2.33,,8.1,18.3,18.3,18.0,,,0.3,-18.3,,,Over → Trim,0.3,0,94,5,23,22,35.6,1.98,checked,8.00,7.50,0.50,7.70,checked,,,,,Good,Chocolate Forward,Good,,Cacao-Nut,0,1,"Chocolate-forward espresso with noticeable cacao character and moderate acidity. Acidity initially appeared borderline but ultimately behaved more as a persistent finish than an objectionable sourness. The palate cleared over time, leaving a mild aftertaste rather than a lingering defect. Good overall cup quality with no major faults, though the balance fell short of the strongest Costa Rica shots. Useful data point showing the boundary between pleasant acidity persistence and the onset of sourness.",8.00,,2026-05-30,Phase 1,18.50%,6.30%,15–30%,15–30%,"""MH Bag 4 May 30, 2026""",Edge,Center,3,2,67.0%,89%,Mismatch,1,Slow,Normal,5 / 6.8 / 9,21 / 23.1 / 26,-1,-1,Watch,80.1%,Good,,Watch,Low,,1,"Watch — if grinder output drops, add +0.1 sec",Review manually,,,Outside,17.7,0.3,0.0,Normal,15–30% → Stable,Stable,-0.3,,2.3
2026-06-02 12:15pm,4,,2.33,,8.1,17.9,18.3,18.0,0.2,0.4,0.3,-18.3,,,Under → Top-Up,0.4,-0,94,5,23,22,35.5,1.97,checked,9.25,9.00,0.25,9.10,checked,,checked,,,Dialed In,Chocolate Forward,Good,Boundary Shot,Cacao-Nut,0,1,Costa Rica Phase 1 entered popcorning behavior at approximately 20 g estimated remaining after the final recorded shot. This suggests that practical hopper depletion may begin before all tracked inventory is consumed and that the final ~20 g may behave as a distinct low-feed zone rather than normal hopper operation.,9.25,,2026-05-30,Phase 1,12.40%,6.30%,0–15%,0–15%,"""MH Bag 4 May 30, 2026""",Center,Center,3,3,100.0%,89%,Match,1,Slow,Normal,5 / 6.8 / 9,21 / 23.1 / 26,-1,-1,Watch,93.0%,Elite,Target,Stable,Very Low,,1,Low hopper but stable — no change,Review manually,,,Outside,17.9,-0.1,0.0,Normal,0–15% → Stable,Stable,0.1,No top-up,1.9
2026-06-02 12:30pm,4,,,,,,,,,,,300.0,,300.0,None,,,,,,,,,,,,,,,,,,,Hopper Refill,,Hopper Refill,,,0,,,,,2026-05-30,Phase 2,100.00%,8.47%,75–100%,75–100%,"""MH Bag 4 June 2, 2026""",,Outside,1,,67.0%,,,,,,5 / 6.8 / 9,21 / 23.1 / 26,,,,,,,,High,,,No hopper correction,Review manually,,,Outside,18.0,,,,,,,,
2026-06-02 6:30pm,4,,2.33,,8.1,18.2,18.2,18.0,,,0.2,-18.2,,,Over → Trim,0.2,0,94,6,24,22,35.7,1.98,,,,,,,checked,,,,Good,I Tasted,Good,,,0,1,"For Lori, I tasted her version of it, tasted alright, did not detect any sourness at all. Decent coffee otherwise",,,2026-05-30,Phase 2,100.00%,8.47%,75–100%,75–100%,"""MH Bag 4 June 2, 2026""",,Outside,1,,67.0%,89%,,2,Slow,Normal,5 / 6.8 / 9,21 / 23.1 / 26,-1,-1,Watch,,,,,High,,0,No hopper correction,Review manually,,,Outside,18.0,0.2,0.0,Normal,75–100% → Stable,Stable,-0.2,,2.2
2026-06-03 4:00am,4,,2.33,,8.1,17.8,18.3,18.0,0.2,0.5,0.3,-18.3,,,Under → Top-Up,0.5,-0,94,9,29,24,35.4,1.97,checked,9.50,10.00,-0.50,9.80,checked,,checked,,,Dialed In,"Cacao Forward,Dynamic,Bittersweet Finish",Good,Signature Shot,Refined Dynamic,0,1,"A cacao-driven coffee whose highest expressions are characterized by fully developed bittersweet cacao structure. The most successful shots are not necessarily the sweetest or the least acidic, but the ones where the cacao evolves from a flavor note into the dominant personality of the cup.",9.50,,2026-05-30,Phase 2,93.93%,8.47%,75–100%,75–100%,"""MH Bag 4 June 2, 2026""",Center,Center,3,3,100.0%,91%,Match,5,Slow,Normal,5 / 6.8 / 9,21 / 23.1 / 26,1,1,Stable,94.8%,Elite,Target,Stable,High,,0,No hopper correction,No change,Update Bag Scale Range,,Outside,18.0,-0.2,0.0,Normal,75–100% → Stable,Stable,0.2,No top-up,1.8
2026-06-03 5:45am,4,,2.33,,8.1,18.1,18.1,18.0,,,0.1,-18.1,,,Over → Trim,0.1,0,94,6,29,27,35.6,1.98,,,,,,,checked,,,,Good,,Good,,,0,1,"Another shot for Lori, I did not taste it although I am sure it was a good shot",,,2026-05-30,Phase 2,87.83%,8.47%,75–100%,75–100%,"""MH Bag 4 June 2, 2026""",,Outside,1,,67.0%,61%,,2,Slow,Slow,5 / 6.8 / 9,21 / 23.1 / 26,4,4,Adjust — Grind coarser,,,,,High,,0,No hopper correction,Grind coarser,,,Outside,18.0,0.1,0.0,Normal,75–100% → Stable,Stable,-0.1,,2.1
2026-06-03 12:00pm,4,,2.33,,8.1,18.1,18.1,18.0,,,0.1,-18.1,,,Over → Trim,0.1,0,94,7,26,24,35.7,1.98,checked,9.50,9.25,0.25,9.35,checked,,checked,,,Dialed In,"Cacao Forward,Caramel Forward",Good,Daily Driver,Cacao-Nut,1,1,,9.50,,2026-05-30,Phase 2,81.80%,8.47%,75–100%,75–100%,"""MH Bag 4 June 2, 2026""",Center,Center,3,3,100.0%,91%,Match,2,Slow,Normal,5 / 6.8 / 9,21 / 23.1 / 26,1,1,Stable,94.8%,Elite,Target,Stable,High,,0,No hopper correction,No change,Update Bag Scale Range,,Outside,18.0,0.1,0.0,Normal,75–100% → Stable,Stable,-0.1,,2.1
2026-06-04 3:00am,4,,2.33,,8.1,17.7,18.4,18.0,0.2,0.7,0.4,-18.4,,,Under → Top-Up,0.7,-0,94,6,25,22,35.3,1.96,checked,9.75,8.50,1.25,9.00,checked,,checked,,,Dialed In,"Cacao Forward,Acidity Forward",Good,Boundary Shot,Bittersweet,0,1,"Cacao Forward, Bittersweet, Acidity Forward. Acidity more prominent than preferred but remained integrated and pleasant. Strong, memorable expression of the coffee. Defines the upper boundary of preferred acidity while remaining a Reference Shot.",9.75,Demonstrates that a technically excellent shot can fall outside the center of the user’s preference zone while still being reference-worthy and analytically valuable.,2026-05-30,Phase 2,75.77%,8.47%,75–100%,75–100%,"""MH Bag 4 June 2, 2026""",Edge,Center,3,2,67.0%,89%,Mismatch,3,Slow,Normal,5 / 6.8 / 9,21 / 23.1 / 26,-1,-1,Watch,88.9%,Great,Target,Stable,High,,0,No hopper correction,Review manually,,,Outside,18.0,-0.3,0.0,Normal,75–100% → Stable,Stable,0.3,Consider 0.2 sec top-up,1.7
2026-06-04 5:30am,4,,2.33,,8.1,18.3,18.3,18.0,,,0.3,-18.3,,,Over → Trim,0.3,0,94,6,25,23,35.5,1.97,,,,,,,checked,,,,Good,I Tasted,Good,,,0,1,,,,2026-05-30,Phase 2,69.63%,8.47%,50–75%,50–75%,"""MH Bag 4 June 2, 2026""",,Outside,1,,67.0%,99%,,2,Slow,Normal,5 / 6.8 / 9,21 / 23.1 / 26,-0,-0,Stable,,,,,Mid-High,,0,No hopper correction,No change,,,Outside,18.0,0.3,0.0,Normal,50–75% → Stable,Stable,-0.3,,2.3
2026-06-04 12:15pm,4,,2.33,,8.1,18.7,18.7,18.0,,,0.7,-18.7,,,Over → Trim,0.7,1,94,6,26,23,35.6,1.98,,6.00,3.00,3.00,4.20,checked,,,,,Good,"Intense,Tannic",Good,,,0,1,"“It may have been some puck prep.”
Initial presentation was intense with noticeable tannins. As the shot cooled, the cacao character faded rather than developing. Cold evaluation revealed dominant sourness resembling sour tea, overwhelming the underlying coffee character. The shot became less enjoyable as it cooled and was ultimately not finished. Possible puck preparation inconsistency noted due to loose grounds on top of the puck and dose-adjustment difficulties caused by scale lag. Included for analysis as an example of a technically acceptable extraction that produced an undesirable sensory outcome.",6.00,,2026-05-30,Phase 2,63.53%,8.47%,50–75%,50–75%,"""MH Bag 4 June 2, 2026""",Outside,Outside,1,1,100.0%,99%,Match,3,Slow,Normal,5 / 6.8 / 9,21 / 23.1 / 26,-0,-0,Stable,79.7%,Good,,Watch,Mid-High,,0,No hopper correction,No change,,,Outside,18.0,0.7,0.0,Normal,50–75% → Stable,Stable,-0.7,,2.7
2026-06-05 4:30am,4,,2.33,,8.1,18.0,18.0,18.0,,,,-18.0,,,None,,0,94,6,25,24,36.6,2.03,checked,10.00,10.00,0.00,10.00,checked,,checked,checked,,Dialed In,"Balanced,Cacao Forward",Good,"Guest Worthy,Daily Driver",Refined Dynamic,1,1,"Exceptionally balanced expression of the Costa Rica. Mild acidity and light tannic structure provide interest without becoming dominant. Cacao remains present while avoiding excessive intensity or bitterness. Highly approachable and representative of the potential of well-prepared espresso. Selected as the Guest Reference Shot because it demonstrates the quality, balance, and flavor complexity possible in espresso without requiring an experienced palate to appreciate it.",10.00,,2026-05-30,Phase 2,57.30%,8.47%,50–75%,50–75%,"""MH Bag 4 June 2, 2026""",Center,Center,3,3,100.0%,91%,Match,1,Slow,Normal,5 / 6.8 / 9,21 / 23.1 / 26,1,1,Stable,97.3%,Elite,Target,Stable,Mid-High,,0,No hopper correction,No change,Update Bag Scale Range,,Outside,18.0,0.0,0.0,,,,0.0,,2.0
2026-06-05 11:00am,4,,2.33,,8.1,18.4,18.4,18.0,,,0.4,-18.4,,,Over → Trim,0.4,0,94,6,25,22,37.0,2.06,,4.00,1.00,3.00,2.20,checked,,,,,Good,,Good,,,0,1,"Final Interpretation — Sour Cooling Collapse

Initially somewhat drinkable when hot, with tannins reduced compared to expectation. As the shot cooled, balance deteriorated sharply. Cacao character became overwhelmed by tart, puckering acidity and a sour tea-like finish. The shot became progressively less enjoyable through the cooling curve and was ultimately abandoned. Despite extraction metrics being close to recent successful shots, sensory outcome was the worst in the project so far. Important negative reference point showing that this Costa Rica can collapse into dominant sourness during cooling even when the puck appears visually normal.",4.00,,2026-05-30,Phase 2,51.03%,8.47%,50–75%,50–75%,"""MH Bag 4 June 2, 2026""",Outside,Outside,1,1,100.0%,89%,Match,3,Slow,Normal,5 / 6.8 / 9,21 / 23.1 / 26,-1,-1,Watch,66.7%,Edge,,Drifting,Mid-High,Check Other Factors,1,No hopper correction,Review manually,,,Outside,18.0,0.4,0.0,Normal,50–75% → Stable,Stable,-0.4,,2.4
2026-06-06 5:00am,4,,2.33,,8.1,18.0,18.0,18.0,,,,-18.0,,,None,,0,94,6,25,,36.8,2.04,,6.00,5.00,1.00,5.40,checked,,,,,Good,Caramel Forward,Good,,,0,1,"initial presentation was good, a little strong, then sour when cooleing",6.00,,2026-05-30,Phase 2,45.17%,8.47%,30–50%,30–50%,"""MH Bag 4 June 2, 2026""",Outside,Outside,1,1,100.0%,,Match,,,,5 / 6.8 / 9,21 / 23.1 / 26,,,,,,,,Mid,,,Review manually,Review manually,,,Outside,17.9,0.0,0.0,,,,0.0,,2.0
2026-06-06 10:30am,4,,2.33,,8.1,18.3,18.3,18.0,,,0.3,-18.3,,,Over → Trim,0.3,0,94,5,24,22,35.8,1.99,,7.00,5.00,2.00,5.80,checked,,,,,Good,"Caramel Forward,Cacao Forward",Good,,,0,1,"cacao forward with slightly intense caramel, when cool switch to sour, shot would clear so made it difficult to distinguish",7.00,,2026-05-30,Phase 2,39.17%,8.47%,30–50%,30–50%,"""MH Bag 4 June 2, 2026""",Edge,Center,3,2,67.0%,89%,Mismatch,2,Slow,Normal,5 / 6.8 / 9,21 / 23.1 / 26,-1,-1,Watch,75.1%,Good,,Watch,Mid,,1,"Watch — if grinder output drops, add +0.1 sec",Review manually,,,Outside,17.9,0.3,0.0,Normal,30–50% → Stable,Stable,-0.3,,2.3
2026-06-06 7:00pm,4,,2.33,,8.1,17.8,18.4,18.0,0.2,0.6,0.4,-18.4,,,Under → Top-Up,0.6,-0,94,6,24,22,35.6,1.98,,7.00,5.00,2.00,5.80,checked,,,,,Good,"Caramel Forward,Cacao Forward",Good,,,0,1,"cacao forward with slightly intense caramel, when cool switch to sour, shot would clear so made it difficult to distinguish, both the shots were very difficult to distinguish, hence the higher rating",7.00,,2026-05-30,Phase 2,33.07%,8.47%,30–50%,30–50%,"""MH Bag 4 June 2, 2026""",Edge,Center,3,2,67.0%,89%,Mismatch,2,Slow,Normal,5 / 6.8 / 9,21 / 23.1 / 26,-1,-1,Watch,75.1%,Good,,Watch,Mid,,1,"Watch — if grinder output drops, add +0.1 sec",Review manually,,,Outside,17.9,-0.2,0.0,Normal,30–50% → Stable,Stable,0.2,No top-up,1.8
2026-06-07 5:00am,4,,2.33,,8.1,18.4,18.4,18.0,,,0.4,-18.4,,,Over → Trim,0.4,0,94,6,23,22,35.3,1.96,checked,10.00,9.00,1.00,9.40,checked,,checked,,,Dialed In,,Good,Structured Acidity,Dynamic Articulation,0,1,"technically excellent; well structured; strong opening presence; pronounced acidity arrives clearly and clears the finish. Less personally pleasant than Bag 4 Shot 21 because the acidity is stronger. Consistent to the end.  Just like the old Maxwell House Commercials jingle, ""Good to the last drop"".
All three of Yesterday’s sour shots likely due to puck prep/channeling, not grind.",10.00,,2026-05-30,Phase 2,26.93%,8.47%,15–30%,15–30%,"""MH Bag 4 June 2, 2026""",Center,Center,3,3,100.0%,89%,Match,1,Slow,Normal,5 / 6.8 / 9,21 / 23.1 / 26,-1,-1,Watch,96.7%,Elite,Target,Stable,Low,,1,Low hopper but stable — no change,Review manually,,,Outside,17.7,0.4,0.0,Normal,15–30% → Stable,Stable,-0.4,,2.4
2026-06-08 4:30am,4,,2.33,,8.1,18.7,18.7,18.0,,,0.7,-18.7,,,Over → Trim,0.7,1,94,8,26,23,36.7,2.04,checked,10.00,10.00,0.00,10.00,checked,,checked,checked,,Dialed In,"Caramel Forward,Rich & Creamy",Good,"Daily Driver,Guest Worthy",Rich Integrated,1,1,"The defining characteristic of the shot is not caramel itself, but the exceptional integration of all components into a balanced, creamy, rich espresso that clears beautifully and remains interesting without excess acidity, tannin, sweetness, or intensity.",10.00,,2026-05-30,Phase 2,20.80%,8.47%,15–30%,15–30%,"""MH Bag 4 June 2, 2026""",Center,Center,3,3,100.0%,99%,Match,3,Slow,Normal,5 / 6.8 / 9,21 / 23.1 / 26,-0,-0,Stable,99.7%,Elite,Target,Stable,Low,,0,Low hopper but stable — no change,No change,Update Bag Scale Range,,Outside,17.7,0.7,0.0,Normal,15–30% → Stable,Stable,-0.7,,2.7
2026-06-08 12:00pm,4,,2.33,,8.1,18.3,18.3,18.0,,,0.3,-18.3,,,Over → Trim,0.3,0,94,6,21,21,36.5,2.03,checked,7.00,6.00,1.00,6.40,checked,,,,,Good,"Concentrated,Caramel Forward",Good,,,0,1,"Rich espresso with a somewhat muddy presentation compared to the Signature Shot. Initial impression was stronger and less refined, with flavors appearing compressed and less clearly separated. Not overtly sour or bitter, but lacking the clarity, silky texture, and integrated progression of the Signature Shot. Drinkable and enjoyable, though the overall experience felt less defined and more muddled.",7.00,,2026-05-30,Phase 2,14.57%,8.47%,0–15%,0–15%,"""MH Bag 4 June 2, 2026""",Outside,Center,3,1,33.0%,79%,Mismatch,0,Slow,Normal,5 / 6.8 / 9,21 / 23.1 / 26,-2,-2,Adjust — Grind finer,65.3%,Edge,,Drifting,Very Low,Likely Hopper Effect,2,Correct — add +0.1 to +0.2 sec or refill hopper,Grind finer,,,Outside,17.9,0.3,0.0,Normal,0–15% → Stable,Stable,-0.3,,2.3
2026-06-09 2:30am,4,14.5,,,,,,,,,,300.0,,300.0,None,,,,,,,,,,8.00,,,,,,checked,,,Hopper Refill,,Hopper Refill,,,0,,,,,2026-05-30,Phase 3,100.00%,86.97%,75–100%,75–100%,"""MH Bag 4 June 9, 2026""",,Review,0,,100.0%,,,,,,5 / 6.8 / 9,21 / 23.1 / 26,,,,,,,,High,,,No hopper correction,Review manually,,,Outside,18.0,,,,,,,,
2026-06-09 2:45am,4,14.5,2.33,,8.1,18.8,18.8,18.0,,,0.8,-18.8,,,Over → Trim,0.8,1,94,5,22,21,35.7,1.98,,5.00,3.00,2.00,3.80,checked,,,,,Good,Muddy,Good,,,0,1,Tasted muddy and sour after pouring. Fast times once again indicates to me that. finer grind is needed and the action suggestion here validates that,5.00,,2026-05-30,Phase 3,100.00%,86.97%,75–100%,75–100%,"""MH Bag 4 June 9, 2026""",Outside,Outside,1,1,100.0%,79%,Match,1,Slow,Normal,5 / 6.8 / 9,21 / 23.1 / 26,-2,-2,Adjust — Grind finer,68.7%,Edge,,Drifting,High,Check Other Factors,0,No hopper correction,Grind finer,,,Outside,18.0,0.8,0.0,Normal,75–100% → Stable,Stable,-0.8,,2.8
2026-06-09 3:00am,4,14.5,2.10,,8.1,17.8,18.4,18.0,0.2,0.6,0.4,-20.3,1.9,,Under → Top-Up,0.6,-0,94,11,35,29,36.7,2.04,checked,5.00,3.00,2.00,3.80,checked,,,,,Good,"Bright Expression,Balanced",Good,,Bright Leaning,0,1,"Sensory Notes
THIS COFFEE HAD ME FOOLED RIGHT TILL THE LAST DROP

Initial Impression

* Pronounced bright acidity immediately apparent.
* Acidity initially perceived as brightness rather than sourness.
* Clean presentation with no bitterness.
* Shot appeared technically sound on first evaluation.

Mid-Palate

* Brightness dominates the flavor profile.
* Limited sweetness and body relative to the acidity.
* Acidity carries much of the coffee’s character.
* Without the acidity, the cup would feel relatively simple.

Cooling Evolution

* Acidity becomes slightly more pronounced as the shot cools.
* Lingering acidic note develops on the finish.
* Initially interpreted as bright acidity, but continued tasting suggests underlying sourness.
* Acidity lacks the pleasant wine-like quality experienced in previous successful shots.

Finish

* Clean overall finish.
* Mild but persistent sour edge remains after swallowing.
* Sourness is subtle and somewhat disguised rather than overtly sharp.

Final Assessment

* Initial classification as a Bright Expression candidate.
* Further tasting suggests mild sourness is present.
* Sourness likely masked by otherwise decent extraction characteristics.
* Not a preferred flavor profile.
* Acidity exceeds personal enjoyment threshold.
* Not currently considered a reference shot.
* Candidate for slightly finer grind and re-evaluation.

Coffee Log Summary

Bright, acidity-dominant espresso with a clean presentation. Initially perceived as bright rather than sour, but cooling revealed a lingering sour edge that became increasingly apparent. Acidity overshadowed sweetness and body, resulting in an unpleasant overall experience despite an otherwise competent extraction. Comparison to previous wine-like acidic shots suggests this acidity is not well integrated and likely includes a mild underextracted component. Further testing with a slightly finer grind recommended.",5.00,,2026-05-30,Phase 3,93.73%,86.97%,75–100%,75–100%,"""MH Bag 4 June 9, 2026""",Outside,Outside,1,1,100.0%,41%,Match,6,Slow,Slow,5 / 6.8 / 9,21 / 23.1 / 26,6,6,Adjust — Grind coarser,57.3%,Outside,,Drifting,High,Check Other Factors,0,No hopper correction,Grind coarser,,,Sweet Zone,18.0,-0.2,0.0,Normal,75–100% → Stable,Stable,0.2,No top-up,1.8